StartDate,EndDate,Status,IPAddress,Progress,Duration (in seconds),Finished,RecordedDate,ResponseId,RecipientLastName,RecipientFirstName,RecipientEmail,ExternalReference,LocationLatitude,LocationLongitude,DistributionChannel,UserLanguage,Consent,Intro,Intro_5_TEXT,Q24,Q25,Q27,Q27_7_TEXT,Q26,Timing _First Click,Timing _Last Click,Timing _Page Submit,Timing _Click Count,Q1,Q28_First Click,Q28_Last Click,Q28_Page Submit,Q28_Click Count,Q29,Q30_First Click,Q30_Last Click,Q30_Page Submit,Q30_Click Count,Q31,Q32_First Click,Q32_Last Click,Q32_Page Submit,Q32_Click Count,Q33,Q34_First Click,Q34_Last Click,Q34_Page Submit,Q34_Click Count,Q35,Q36_First Click,Q36_Last Click,Q36_Page Submit,Q36_Click Count,Q37,Q38_First Click,Q38_Last Click,Q38_Page Submit,Q38_Click Count,Q39,Q40_First Click,Q40_Last Click,Q40_Page Submit,Q40_Click Count,Q41,Q42_First Click,Q42_Last Click,Q42_Page Submit,Q42_Click Count,Q43,Q44_First Click,Q44_Last Click,Q44_Page Submit,Q44_Click Count,Q45,F-1-1,F-1-1-1,F-1-2,F-1-1-2,F-1-2-1,F-1-2-2,F-2-1,F-2-1-1,F-2-2,F-2-1-2,F-2-2-1,F-2-2-2,F-3-1,F-3-1-1,F-3-2,F-3-1-2,F-3-2-1,F-3-2-2,F-4-1,F-4-1-1,F-4-2,F-4-1-2,F-4-2-1,F-4-2-2,F-5-1,F-5-1-1,F-5-2,F-5-1-2,F-5-2-1,F-5-2-2,F-6-1,F-6-1-1,F-6-2,F-6-1-2,F-6-2-1,F-6-2-2,F-7-1,F-7-1-1,F-7-2,F-7-1-2,F-7-2-1,F-7-2-2,F-8-1,F-8-1-1,F-8-2,F-8-1-2,F-8-2-1,F-8-2-2,F-9-1,F-9-1-1,F-9-2,F-9-1-2,F-9-2-1,F-9-2-2,F-10-1,F-10-1-1,F-10-2,F-10-1-2,F-10-2-1,F-10-2-2,F-1-3,F-1-1-3,F-1-2-3,F-2-3,F-2-1-3,F-2-2-3,F-3-3,F-3-1-3,F-3-2-3,F-4-3,F-4-1-3,F-4-2-3,F-5-3,F-5-1-3,F-5-2-3,F-6-3,F-6-1-3,F-6-2-3,F-7-3,F-7-1-3,F-7-2-3,F-8-3,F-8-1-3,F-8-2-3,F-9-3,F-9-1-3,F-9-2-3,F-10-3,F-10-1-3,F-10-2-3
Start Date,End Date,Response Type,IP Address,Progress,Duration (in seconds),Finished,Recorded Date,Response ID,Recipient Last Name,Recipient First Name,Recipient Email,External Data Reference,Location Latitude,Location Longitude,Distribution Channel,User Language,"Welcome!

Thanks for taking this survey. This is part of a research project set up by students at UC Berkeley. We will not be collecting any identifying data about you (such as name, email or address).

The purpose of this survey is to understand transportation mode choice in Berkeley. It will take you 5-10 minutes to complete it.

There is no financial (or otherwise) incentive for you to participate. Taking part is voluntary and you may leave the survey at any point.

If you wish to take part, please confirm that:
- You are aged 18 or above.
- You understand the above information.
- You consent to these terms.","Think about your previous experiences traveling in Berkeley and Oakland. In particular, think about a time when you have travelled between two locations that are relatively far apart (30+ min walk).

What was the purpose of the trip you have in mind? - Selected Choice","Think about your previous experiences traveling in Berkeley and Oakland. In particular, think about a time when you have travelled between two locations that are relatively far apart (30+ min walk).

What was the purpose of the trip you have in mind? - Other (Please specify) - Text",What was the time of the day?,Were you traveling alone?,What was your mode of transportation? - Selected Choice,What was your mode of transportation? - Other (please specify): - Text,"In the following screens, you'll be asked to think about the same journey that you have thought about before, under the same circumstances.

You will now you have to choose between traveling between these two locations on a hypothetical bus or ridehail journey. Bear in mind that the prices and travel times might not exactly match what you have experienced before. Three attributes will be displayed:
- Travel time (min)
- Wait time (min)
- Travel cost ($)

The bus journey will always take 30 minutes and you will have to wait for 12 minutes for the bus. The attributes for the ridehail journey will vary by situation.

Assume that the bus ride will be free (included in your student Clipper card) and that there won't be any extra travel time after the bus drops you at your location (i.e. think of both modes as door to door).

Please confirm that you have read and understood the information above:",Timing - First Click,Timing - Last Click,Timing - Page Submit,Timing - Click Count,"Question 1


Please carefully review the options detailed below, then please click to choose a mode. 







 
Ridehail

Bus


[Field-F-1-1]
[Field-F-1-1-1]
[Field-F-1-2-1]

[Field-F-1-2]
[Field-F-1-1-2]
[Field-F-1-2-2]

[Field-F-1-3]
[Field-F-1-1-3]
[Field-F-1-2-3]",Timing - First Click,Timing - Last Click,Timing - Page Submit,Timing - Click Count,"Question 2 


Please carefully review the options detailed below, then please click to choose a mode. 







 
Ridehail

Bus


[Field-F-2-1]
[Field-F-2-1-1]
[Field-F-2-2-1]

[Field-F-2-2]
[Field-F-2-1-2]
[Field-F-2-2-2]

[Field-F-2-3]
[Field-F-2-1-3]
[Field-F-2-2-3]",Timing - First Click,Timing - Last Click,Timing - Page Submit,Timing - Click Count,"Question 3


Please carefully review the options detailed below, then please click to choose a mode. 







 
Ridehail

Bus


[Field-F-3-1]
[Field-F-3-1-1]
[Field-F-3-2-1]

[Field-F-3-2]
[Field-F-3-1-2]
[Field-F-3-2-2]

[Field-F-3-3]
[Field-F-3-1-3]
[Field-F-3-2-3]",Timing - First Click,Timing - Last Click,Timing - Page Submit,Timing - Click Count,"Question 4 


Please carefully review the options detailed below, then please click to choose a mode. 







 
Ridehail

Bus


[Field-F-4-1]
[Field-F-4-1-1]
[Field-F-4-2-1]

[Field-F-4-2]
[Field-F-4-1-2]
[Field-F-4-2-2]

[Field-F-4-3]
[Field-F-4-1-3]
[Field-F-4-2-3]",Timing - First Click,Timing - Last Click,Timing - Page Submit,Timing - Click Count,"Question 5 


Please carefully review the options detailed below, then please click to choose a mode. 







 
Ridehail

Bus


[Field-F-5-1]
[Field-F-5-1-1]
[Field-F-5-2-1]

[Field-F-5-2]
[Field-F-5-1-2]
[Field-F-5-2-2]

[Field-F-5-3]
[Field-F-5-1-3]
[Field-F-5-2-3]",Timing - First Click,Timing - Last Click,Timing - Page Submit,Timing - Click Count,"Question 6 


Please carefully review the options detailed below, then please click to choose a mode. 







 
Ridehail

Bus


[Field-F-6-1]
[Field-F-6-1-1]
[Field-F-6-2-1]

[Field-F-6-2]
[Field-F-6-1-2]
[Field-F-6-2-2]

[Field-F-6-3]
[Field-F-6-1-3]
[Field-F-6-2-3]",Timing - First Click,Timing - Last Click,Timing - Page Submit,Timing - Click Count,"Question 7 


Please carefully review the options detailed below, then please click to choose a mode. 







 
Ridehail

Bus


[Field-F-7-1]
[Field-F-7-1-1]
[Field-F-7-2-1]

[Field-F-7-2]
[Field-F-7-1-2]
[Field-F-7-2-2]

[Field-F-7-3]
[Field-F-7-1-3]
[Field-F-7-2-3]",Timing - First Click,Timing - Last Click,Timing - Page Submit,Timing - Click Count,"Question 8 


Please carefully review the options detailed below, then please click to choose a mode. 







 
Ridehail

Bus


[Field-F-8-1]
[Field-F-8-1-1]
[Field-F-8-2-1]

[Field-F-8-2]
[Field-F-8-1-2]
[Field-F-8-2-2]

[Field-F-8-3]
[Field-F-8-1-3]
[Field-F-8-2-3]",Timing - First Click,Timing - Last Click,Timing - Page Submit,Timing - Click Count,"Question 9 


Please carefully review the options detailed below, then please click to choose a mode. 







 
Ridehail

Bus


[Field-F-9-1]
[Field-F-9-1-1]
[Field-F-9-2-1]

[Field-F-9-2]
[Field-F-9-1-2]
[Field-F-9-2-2]

[Field-F-9-3]
[Field-F-9-1-3]
[Field-F-9-2-3]",Timing - First Click,Timing - Last Click,Timing - Page Submit,Timing - Click Count,"Question 10



Please carefully review the options detailed below, then please click to choose a mode. 







 
Ridehail

Bus


[Field-F-10-1]
[Field-F-10-1-1]
[Field-F-10-2-1]

[Field-F-10-2]
[Field-F-10-1-2]
[Field-F-10-2-2]

[Field-F-10-3]
[Field-F-10-1-3]
[Field-F-10-2-3]",F-1-1,F-1-1-1,F-1-2,F-1-1-2,F-1-2-1,F-1-2-2,F-2-1,F-2-1-1,F-2-2,F-2-1-2,F-2-2-1,F-2-2-2,F-3-1,F-3-1-1,F-3-2,F-3-1-2,F-3-2-1,F-3-2-2,F-4-1,F-4-1-1,F-4-2,F-4-1-2,F-4-2-1,F-4-2-2,F-5-1,F-5-1-1,F-5-2,F-5-1-2,F-5-2-1,F-5-2-2,F-6-1,F-6-1-1,F-6-2,F-6-1-2,F-6-2-1,F-6-2-2,F-7-1,F-7-1-1,F-7-2,F-7-1-2,F-7-2-1,F-7-2-2,F-8-1,F-8-1-1,F-8-2,F-8-1-2,F-8-2-1,F-8-2-2,F-9-1,F-9-1-1,F-9-2,F-9-1-2,F-9-2-1,F-9-2-2,F-10-1,F-10-1-1,F-10-2,F-10-1-2,F-10-2-1,F-10-2-2,F-1-3,F-1-1-3,F-1-2-3,F-2-3,F-2-1-3,F-2-2-3,F-3-3,F-3-1-3,F-3-2-3,F-4-3,F-4-1-3,F-4-2-3,F-5-3,F-5-1-3,F-5-2-3,F-6-3,F-6-1-3,F-6-2-3,F-7-3,F-7-1-3,F-7-2-3,F-8-3,F-8-1-3,F-8-2-3,F-9-3,F-9-1-3,F-9-2-3,F-10-3,F-10-1-3,F-10-2-3
"{""ImportId"":""startDate"",""timeZone"":""America/Denver""}","{""ImportId"":""endDate"",""timeZone"":""America/Denver""}","{""ImportId"":""status""}","{""ImportId"":""ipAddress""}","{""ImportId"":""progress""}","{""ImportId"":""duration""}","{""ImportId"":""finished""}","{""ImportId"":""recordedDate"",""timeZone"":""America/Denver""}","{""ImportId"":""_recordId""}","{""ImportId"":""recipientLastName""}","{""ImportId"":""recipientFirstName""}","{""ImportId"":""recipientEmail""}","{""ImportId"":""externalDataReference""}","{""ImportId"":""locationLatitude""}","{""ImportId"":""locationLongitude""}","{""ImportId"":""distributionChannel""}","{""ImportId"":""userLanguage""}","{""ImportId"":""QID21""}","{""ImportId"":""QID23""}","{""ImportId"":""QID23_5_TEXT""}","{""ImportId"":""QID24""}","{""ImportId"":""QID25""}","{""ImportId"":""QID27""}","{""ImportId"":""QID27_7_TEXT""}","{""ImportId"":""QID26""}","{""ImportId"":""QID2_FIRST_CLICK""}","{""ImportId"":""QID2_LAST_CLICK""}","{""ImportId"":""QID2_PAGE_SUBMIT""}","{""ImportId"":""QID2_CLICK_COUNT""}","{""ImportId"":""QID1""}","{""ImportId"":""QID28_FIRST_CLICK""}","{""ImportId"":""QID28_LAST_CLICK""}","{""ImportId"":""QID28_PAGE_SUBMIT""}","{""ImportId"":""QID28_CLICK_COUNT""}","{""ImportId"":""QID29""}","{""ImportId"":""QID30_FIRST_CLICK""}","{""ImportId"":""QID30_LAST_CLICK""}","{""ImportId"":""QID30_PAGE_SUBMIT""}","{""ImportId"":""QID30_CLICK_COUNT""}","{""ImportId"":""QID31""}","{""ImportId"":""QID32_FIRST_CLICK""}","{""ImportId"":""QID32_LAST_CLICK""}","{""ImportId"":""QID32_PAGE_SUBMIT""}","{""ImportId"":""QID32_CLICK_COUNT""}","{""ImportId"":""QID33""}","{""ImportId"":""QID34_FIRST_CLICK""}","{""ImportId"":""QID34_LAST_CLICK""}","{""ImportId"":""QID34_PAGE_SUBMIT""}","{""ImportId"":""QID34_CLICK_COUNT""}","{""ImportId"":""QID35""}","{""ImportId"":""QID36_FIRST_CLICK""}","{""ImportId"":""QID36_LAST_CLICK""}","{""ImportId"":""QID36_PAGE_SUBMIT""}","{""ImportId"":""QID36_CLICK_COUNT""}","{""ImportId"":""QID37""}","{""ImportId"":""QID38_FIRST_CLICK""}","{""ImportId"":""QID38_LAST_CLICK""}","{""ImportId"":""QID38_PAGE_SUBMIT""}","{""ImportId"":""QID38_CLICK_COUNT""}","{""ImportId"":""QID39""}","{""ImportId"":""QID40_FIRST_CLICK""}","{""ImportId"":""QID40_LAST_CLICK""}","{""ImportId"":""QID40_PAGE_SUBMIT""}","{""ImportId"":""QID40_CLICK_COUNT""}","{""ImportId"":""QID41""}","{""ImportId"":""QID42_FIRST_CLICK""}","{""ImportId"":""QID42_LAST_CLICK""}","{""ImportId"":""QID42_PAGE_SUBMIT""}","{""ImportId"":""QID42_CLICK_COUNT""}","{""ImportId"":""QID43""}","{""ImportId"":""QID44_FIRST_CLICK""}","{""ImportId"":""QID44_LAST_CLICK""}","{""ImportId"":""QID44_PAGE_SUBMIT""}","{""ImportId"":""QID44_CLICK_COUNT""}","{""ImportId"":""QID45""}","{""ImportId"":""F-1-1""}","{""ImportId"":""F-1-1-1""}","{""ImportId"":""F-1-2""}","{""ImportId"":""F-1-1-2""}","{""ImportId"":""F-1-2-1""}","{""ImportId"":""F-1-2-2""}","{""ImportId"":""F-2-1""}","{""ImportId"":""F-2-1-1""}","{""ImportId"":""F-2-2""}","{""ImportId"":""F-2-1-2""}","{""ImportId"":""F-2-2-1""}","{""ImportId"":""F-2-2-2""}","{""ImportId"":""F-3-1""}","{""ImportId"":""F-3-1-1""}","{""ImportId"":""F-3-2""}","{""ImportId"":""F-3-1-2""}","{""ImportId"":""F-3-2-1""}","{""ImportId"":""F-3-2-2""}","{""ImportId"":""F-4-1""}","{""ImportId"":""F-4-1-1""}","{""ImportId"":""F-4-2""}","{""ImportId"":""F-4-1-2""}","{""ImportId"":""F-4-2-1""}","{""ImportId"":""F-4-2-2""}","{""ImportId"":""F-5-1""}","{""ImportId"":""F-5-1-1""}","{""ImportId"":""F-5-2""}","{""ImportId"":""F-5-1-2""}","{""ImportId"":""F-5-2-1""}","{""ImportId"":""F-5-2-2""}","{""ImportId"":""F-6-1""}","{""ImportId"":""F-6-1-1""}","{""ImportId"":""F-6-2""}","{""ImportId"":""F-6-1-2""}","{""ImportId"":""F-6-2-1""}","{""ImportId"":""F-6-2-2""}","{""ImportId"":""F-7-1""}","{""ImportId"":""F-7-1-1""}","{""ImportId"":""F-7-2""}","{""ImportId"":""F-7-1-2""}","{""ImportId"":""F-7-2-1""}","{""ImportId"":""F-7-2-2""}","{""ImportId"":""F-8-1""}","{""ImportId"":""F-8-1-1""}","{""ImportId"":""F-8-2""}","{""ImportId"":""F-8-1-2""}","{""ImportId"":""F-8-2-1""}","{""ImportId"":""F-8-2-2""}","{""ImportId"":""F-9-1""}","{""ImportId"":""F-9-1-1""}","{""ImportId"":""F-9-2""}","{""ImportId"":""F-9-1-2""}","{""ImportId"":""F-9-2-1""}","{""ImportId"":""F-9-2-2""}","{""ImportId"":""F-10-1""}","{""ImportId"":""F-10-1-1""}","{""ImportId"":""F-10-2""}","{""ImportId"":""F-10-1-2""}","{""ImportId"":""F-10-2-1""}","{""ImportId"":""F-10-2-2""}","{""ImportId"":""F-1-3""}","{""ImportId"":""F-1-1-3""}","{""ImportId"":""F-1-2-3""}","{""ImportId"":""F-2-3""}","{""ImportId"":""F-2-1-3""}","{""ImportId"":""F-2-2-3""}","{""ImportId"":""F-3-3""}","{""ImportId"":""F-3-1-3""}","{""ImportId"":""F-3-2-3""}","{""ImportId"":""F-4-3""}","{""ImportId"":""F-4-1-3""}","{""ImportId"":""F-4-2-3""}","{""ImportId"":""F-5-3""}","{""ImportId"":""F-5-1-3""}","{""ImportId"":""F-5-2-3""}","{""ImportId"":""F-6-3""}","{""ImportId"":""F-6-1-3""}","{""ImportId"":""F-6-2-3""}","{""ImportId"":""F-7-3""}","{""ImportId"":""F-7-1-3""}","{""ImportId"":""F-7-2-3""}","{""ImportId"":""F-8-3""}","{""ImportId"":""F-8-1-3""}","{""ImportId"":""F-8-2-3""}","{""ImportId"":""F-9-3""}","{""ImportId"":""F-9-1-3""}","{""ImportId"":""F-9-2-3""}","{""ImportId"":""F-10-3""}","{""ImportId"":""F-10-1-3""}","{""ImportId"":""F-10-2-3""}"
2023-03-20 00:53:58,2023-03-20 00:54:42,Survey Preview,,100,43,True,2023-03-20 00:54:43,R_12L9n5w6AU7o5wP,,,,,37.4828,-122.2144,preview,EN,"Yes, I consent.","Running errands (grocery shopping, etc.)",,Afternoon (12:00-17:59),Yes,Ridehail (Uber/Lyft),,"Yes, I have read and understood. Take me to the next questions.",9.137,9.137,9.755,1,Ridehail,,,,,,,,,,,,,,,,,,,,,,,,,,,,,,,,,,,,,,,,,,,,,,Travel Time (min),25,Wait Time (min),4,30,12,Travel Time (min),25,Wait Time (min),4,30,12,Travel Time (min),20,Wait Time (min),2,30,12,Travel Time (min),10,Wait Time (min),2,30,12,Travel Time (min),25,Wait Time (min),8,30,12,Travel Time (min),10,Wait Time (min),10,30,12,Travel Time (min),25,Wait Time (min),10,30,12,Travel Time (min),15,Wait Time (min),8,30,12,Travel Time (min),20,Wait Time (min),10,30,12,Travel Time (min),10,Wait Time (min),10,30,12,Travel Cost ($),8,0,Travel Cost ($),10,0,Travel Cost ($),12,0,Travel Cost ($),12,0,Travel Cost ($),15,0,Travel Cost ($),10,0,Travel Cost ($),10,0,Travel Cost ($),8,0,Travel Cost ($),10,0,Travel Cost ($),8,0
2023-03-20 01:00:32,2023-03-20 01:01:30,Survey Preview,,100,58,True,2023-03-20 01:01:31,R_3EsyrHz314dFpbz,,,,,37.4828,-122.2144,preview,EN,"Yes, I consent.",Commute between home and campus,,Morning (06:00-11:59),No,Bus,,"Yes, I have read and understood. Take me to the next questions.",8.001,8.001,8.788,1,Ridehail,1.667,1.667,3.278,1,Ridehail,1.043,1.043,1.769,1,Ridehail,0.957,0.957,1.687,1,Ridehail,0.88,0.88,1.731,1,Bus,1.108,1.108,3.15,1,Ridehail,1.131,1.131,1.773,1,Ridehail,1.005,3.78,4.421,2,Ridehail,1.271,1.271,1.869,1,Ridehail,1.082,1.082,1.718,1,Ridehail,Travel Time (min),15,Wait Time (min),4,30,12,Travel Time (min),10,Wait Time (min),10,30,12,Travel Time (min),15,Wait Time (min),2,30,12,Travel Time (min),10,Wait Time (min),10,30,12,Travel Time (min),20,Wait Time (min),10,30,12,Travel Time (min),10,Wait Time (min),10,30,12,Travel Time (min),20,Wait Time (min),8,30,12,Travel Time (min),25,Wait Time (min),8,30,12,Travel Time (min),10,Wait Time (min),4,30,12,Travel Time (min),15,Wait Time (min),10,30,12,Travel Cost ($),15,0,Travel Cost ($),12,0,Travel Cost ($),8,0,Travel Cost ($),8,0,Travel Cost ($),15,0,Travel Cost ($),10,0,Travel Cost ($),10,0,Travel Cost ($),10,0,Travel Cost ($),10,0,Travel Cost ($),15,0
2023-03-20 01:13:05,2023-03-20 01:15:00,IP Address,76.133.252.103,100,115,True,2023-03-20 01:15:01,R_Q9TI2hCq3ck5p3b,,,,,37.4828,-122.2144,anonymous,EN,"Yes, I consent.",Commute between home and campus,,Afternoon (12:00-17:59),Yes,BART,,"Yes, I have read and understood. Take me to the next questions.",17.36,17.36,18.882,1,Ridehail,1.159,1.159,2.006,1,Ridehail,0.842,0.842,9.654,1,Ridehail,0,0,2.041,0,,1.45,1.45,2.123,1,Bus,0,0,0.976,0,,0.986,0.986,1.834,1,Ridehail,0.555,0.555,1.379,1,Ridehail,0.812,0.812,1.453,1,Ridehail,0.57,0.57,1.35,1,Ridehail,Travel Time (min),15,Wait Time (min),6,30,12,Travel Time (min),10,Wait Time (min),4,30,12,Travel Time (min),15,Wait Time (min),6,30,12,Travel Time (min),20,Wait Time (min),2,30,12,Travel Time (min),10,Wait Time (min),6,30,12,Travel Time (min),25,Wait Time (min),2,30,12,Travel Time (min),15,Wait Time (min),10,30,12,Travel Time (min),25,Wait Time (min),6,30,12,Travel Time (min),15,Wait Time (min),4,30,12,Travel Time (min),15,Wait Time (min),10,30,12,Travel Cost ($),10,0,Travel Cost ($),10,0,Travel Cost ($),8,0,Travel Cost ($),10,0,Travel Cost ($),10,0,Travel Cost ($),12,0,Travel Cost ($),15,0,Travel Cost ($),15,0,Travel Cost ($),15,0,Travel Cost ($),15,0
2023-03-20 14:40:32,2023-03-20 14:43:25,IP Address,107.115.29.100,100,172,True,2023-03-20 14:43:26,R_2bPnFJ2CNCOoRPF,,,,,37.8084,-122.2846,anonymous,EN,"Yes, I consent.",Commute between home and campus,,Morning (06:00-11:59),Yes,BART,,"Yes, I have read and understood. Take me to the next questions.",0.855,0.855,1.955,1,Ridehail,0.914,0.914,1.616,1,Bus,1.022,1.022,1.765,1,Ridehail,0.86,1.594,2.517,2,Bus,0.928,1.802,2.237,2,Ridehail,0.908,0.908,1.546,1,Bus,0.934,0.934,1.629,1,Ridehail,0.878,0.878,1.503,1,Bus,0.594,0.594,1.616,1,Ridehail,0.813,0.813,1.515,1,Ridehail,Travel Time (min),10,Wait Time (min),2,30,12,Travel Time (min),20,Wait Time (min),4,30,12,Travel Time (min),10,Wait Time (min),6,30,12,Travel Time (min),25,Wait Time (min),6,30,12,Travel Time (min),20,Wait Time (min),10,30,12,Travel Time (min),25,Wait Time (min),6,30,12,Travel Time (min),10,Wait Time (min),10,30,12,Travel Time (min),10,Wait Time (min),2,30,12,Travel Time (min),25,Wait Time (min),4,30,12,Travel Time (min),10,Wait Time (min),8,30,12,Travel Cost ($),10,0,Travel Cost ($),12,0,Travel Cost ($),10,0,Travel Cost ($),15,0,Travel Cost ($),15,0,Travel Cost ($),12,0,Travel Cost ($),8,0,Travel Cost ($),8,0,Travel Cost ($),15,0,Travel Cost ($),15,0
2023-03-20 20:54:35,2023-03-20 20:56:12,IP Address,192.184.206.215,100,97,True,2023-03-20 20:56:12,R_1fdVwMixGuc2SJm,,,,,37.8668,-122.2924,anonymous,EN,"Yes, I consent.","Running errands (grocery shopping, etc.)",,Afternoon (12:00-17:59),No,Bus,,"Yes, I have read and understood. Take me to the next questions.",4.855,4.855,10.797,1,Ridehail,5.439,8.872,9.602,3,Bus,4.134,4.134,4.51,1,Bus,4.304,8.6,8.975,4,Bus,2.454,2.454,2.941,1,Ridehail,1.879,1.879,2.225,1,Ridehail,2.365,2.365,2.645,1,Ridehail,2.625,2.625,3.177,1,Ridehail,1.686,1.686,2.563,1,Ridehail,1.083,1.083,1.398,1,Ridehail,Travel Time (min),15,Wait Time (min),2,30,12,Travel Time (min),15,Wait Time (min),6,30,12,Travel Time (min),20,Wait Time (min),10,30,12,Travel Time (min),25,Wait Time (min),4,30,12,Travel Time (min),20,Wait Time (min),6,30,12,Travel Time (min),15,Wait Time (min),4,30,12,Travel Time (min),20,Wait Time (min),2,30,12,Travel Time (min),15,Wait Time (min),6,30,12,Travel Time (min),10,Wait Time (min),8,30,12,Travel Time (min),10,Wait Time (min),6,30,12,Travel Cost ($),10,0,Travel Cost ($),15,0,Travel Cost ($),8,0,Travel Cost ($),10,0,Travel Cost ($),8,0,Travel Cost ($),12,0,Travel Cost ($),8,0,Travel Cost ($),10,0,Travel Cost ($),10,0,Travel Cost ($),10,0
2023-03-20 20:54:19,2023-03-20 20:56:27,IP Address,135.180.199.230,100,127,True,2023-03-20 20:56:28,R_3phS5Bk8jp4WX0P,,,,,37.8611,-122.2564,anonymous,EN,"Yes, I consent.",Leisure,,Evening (18:00-21:59),No,Bus,,"Yes, I have read and understood. Take me to the next questions.",13.839,13.839,14.541,1,Bus,4.647,4.647,7.797,1,Bus,7.379,7.379,9.097,1,Bus,3.415,3.415,3.928,1,Bus,3.517,3.517,4.973,1,Bus,2.02,2.02,2.895,1,Bus,1.8,2.801,4.537,2,Bus,1.566,1.566,2.16,1,Bus,1.021,1.021,1.73,1,Bus,0.767,0.767,1.333,1,Bus,Travel Time (min),10,Wait Time (min),10,30,12,Travel Time (min),10,Wait Time (min),4,30,12,Travel Time (min),15,Wait Time (min),2,30,12,Travel Time (min),25,Wait Time (min),10,30,12,Travel Time (min),25,Wait Time (min),6,30,12,Travel Time (min),25,Wait Time (min),8,30,12,Travel Time (min),15,Wait Time (min),4,30,12,Travel Time (min),10,Wait Time (min),8,30,12,Travel Time (min),25,Wait Time (min),4,30,12,Travel Time (min),25,Wait Time (min),8,30,12,Travel Cost ($),15,0,Travel Cost ($),12,0,Travel Cost ($),10,0,Travel Cost ($),10,0,Travel Cost ($),8,0,Travel Cost ($),12,0,Travel Cost ($),12,0,Travel Cost ($),10,0,Travel Cost ($),10,0,Travel Cost ($),12,0
2023-03-20 20:54:25,2023-03-20 20:58:47,IP Address,135.180.118.94,100,262,True,2023-03-20 20:58:48,R_2R7VQsoOhpWcjUk,,,,,37.8611,-122.2564,anonymous,EN,"Yes, I consent.",Leisure,,Afternoon (12:00-17:59),Yes,BART,,"Yes, I have read and understood. Take me to the next questions.",15.859,15.859,16.835,1,Bus,16.055,16.055,27.58,1,Bus,4.584,16.517,18.026,2,Bus,8.026,8.026,9.368,1,Bus,8.21,8.21,9.567,1,Bus,6.678,8.211,8.52,2,Bus,5.724,5.724,6.6,1,Bus,3.241,3.241,16.984,1,Bus,5.187,10.32,11.582,2,Bus,12.976,12.976,14.586,1,Bus,Travel Time (min),15,Wait Time (min),4,30,12,Travel Time (min),15,Wait Time (min),2,30,12,Travel Time (min),25,Wait Time (min),2,30,12,Travel Time (min),25,Wait Time (min),8,30,12,Travel Time (min),25,Wait Time (min),2,30,12,Travel Time (min),25,Wait Time (min),10,30,12,Travel Time (min),25,Wait Time (min),4,30,12,Travel Time (min),25,Wait Time (min),4,30,12,Travel Time (min),20,Wait Time (min),6,30,12,Travel Time (min),25,Wait Time (min),10,30,12,Travel Cost ($),15,0,Travel Cost ($),15,0,Travel Cost ($),8,0,Travel Cost ($),12,0,Travel Cost ($),10,0,Travel Cost ($),12,0,Travel Cost ($),15,0,Travel Cost ($),12,0,Travel Cost ($),10,0,Travel Cost ($),8,0
2023-03-21 07:21:38,2023-03-21 07:22:37,IP Address,135.180.50.212,100,59,True,2023-03-21 07:22:37,R_afmC0uabIDFPZsJ,,,,,37.8611,-122.2564,anonymous,EN,"Yes, I consent.",Commute between home and campus,,Morning (06:00-11:59),Yes,Private vehicle (either driver or passenger),,"Yes, I have read and understood. Take me to the next questions.",3.195,3.195,5.56,1,Ridehail,1.33,1.33,2.385,1,Bus,1.058,1.058,3.519,1,Ridehail,2.339,2.339,7.882,1,Bus,1.003,1.003,2.502,1,Ridehail,1.013,1.013,2.219,1,Ridehail,2.18,2.18,3.632,1,Bus,1.104,1.104,2.086,1,Ridehail,0.864,0.864,1.962,1,Ridehail,1.362,1.362,2.626,1,Bus,Travel Time (min),10,Wait Time (min),2,30,12,Travel Time (min),20,Wait Time (min),8,30,12,Travel Time (min),15,Wait Time (min),6,30,12,Travel Time (min),25,Wait Time (min),10,30,12,Travel Time (min),10,Wait Time (min),10,30,12,Travel Time (min),20,Wait Time (min),6,30,12,Travel Time (min),25,Wait Time (min),6,30,12,Travel Time (min),15,Wait Time (min),2,30,12,Travel Time (min),25,Wait Time (min),6,30,12,Travel Time (min),10,Wait Time (min),8,30,12,Travel Cost ($),10,0,Travel Cost ($),15,0,Travel Cost ($),10,0,Travel Cost ($),10,0,Travel Cost ($),8,0,Travel Cost ($),15,0,Travel Cost ($),10,0,Travel Cost ($),10,0,Travel Cost ($),12,0,Travel Cost ($),12,0
2023-03-21 10:45:42,2023-03-21 10:47:51,IP Address,136.152.143.83,100,128,True,2023-03-21 10:47:51,R_262q6pRLND5mTjw,,,,,37.8736,-122.257,anonymous,EN,"Yes, I consent.",Other (Please specify),Work,Morning (06:00-11:59),Yes,BART,,"Yes, I have read and understood. Take me to the next questions.",8.04,8.04,9.73,1,Bus,4.233,4.233,6.013,1,Bus,2.738,2.738,13.81,1,Bus,4.558,4.558,11.567,1,Bus,2.57,2.57,4.913,1,Bus,2.662,2.662,3.854,1,Bus,5.323,10.987,13.399,5,Bus,2.196,2.196,3.422,1,Bus,3.231,3.231,7.768,1,Bus,4.82,4.82,7.726,1,Bus,Travel Time (min),25,Wait Time (min),8,30,12,Travel Time (min),25,Wait Time (min),10,30,12,Travel Time (min),20,Wait Time (min),8,30,12,Travel Time (min),15,Wait Time (min),6,30,12,Travel Time (min),15,Wait Time (min),6,30,12,Travel Time (min),20,Wait Time (min),8,30,12,Travel Time (min),20,Wait Time (min),2,30,12,Travel Time (min),15,Wait Time (min),4,30,12,Travel Time (min),15,Wait Time (min),10,30,12,Travel Time (min),10,Wait Time (min),10,30,12,Travel Cost ($),15,0,Travel Cost ($),10,0,Travel Cost ($),15,0,Travel Cost ($),12,0,Travel Cost ($),15,0,Travel Cost ($),10,0,Travel Cost ($),8,0,Travel Cost ($),10,0,Travel Cost ($),8,0,Travel Cost ($),15,0
2023-03-21 10:45:32,2023-03-21 10:48:45,IP Address,136.152.143.199,100,193,True,2023-03-21 10:48:46,R_2uxnVAJKlHzdrT3,,,,,37.8736,-122.257,anonymous,EN,"Yes, I consent.",Commute between home and campus,,Morning (06:00-11:59),Yes,Walk,,"Yes, I have read and understood. Take me to the next questions.",4.875,4.875,6.674,1,Bus,4.4,4.4,7.91,1,Bus,2.544,2.544,3.356,1,Bus,6.909,6.909,8.072,1,Bus,7.051,7.051,8.208,1,Bus,12.124,16.173,17.262,2,Bus,1.837,1.837,2.872,1,Bus,2.161,2.161,3.364,1,Bus,2.837,2.837,4.173,1,Bus,4.127,4.127,5.932,1,Bus,Travel Time (min),10,Wait Time (min),6,30,12,Travel Time (min),20,Wait Time (min),6,30,12,Travel Time (min),10,Wait Time (min),6,30,12,Travel Time (min),10,Wait Time (min),10,30,12,Travel Time (min),15,Wait Time (min),10,30,12,Travel Time (min),15,Wait Time (min),4,30,12,Travel Time (min),10,Wait Time (min),2,30,12,Travel Time (min),25,Wait Time (min),2,30,12,Travel Time (min),20,Wait Time (min),10,30,12,Travel Time (min),15,Wait Time (min),10,30,12,Travel Cost ($),15,0,Travel Cost ($),8,0,Travel Cost ($),15,0,Travel Cost ($),10,0,Travel Cost ($),15,0,Travel Cost ($),15,0,Travel Cost ($),10,0,Travel Cost ($),8,0,Travel Cost ($),8,0,Travel Cost ($),12,0
2023-03-21 11:14:29,2023-03-21 11:14:37,IP Address,192.31.105.140,100,7,True,2023-03-21 11:14:37,R_3lFv6Vbgur5Al6f,,,,,37.8657,-122.2571,anonymous,EN,"No, I do not consent. Terminate survey.",,,,,,,,,,,,,,,,,,,,,,,,,,,,,,,,,,,,,,,,,,,,,,,,,,,,,,,,,,Travel Time (min),20,Wait Time (min),4,30,12,Travel Time (min),20,Wait Time (min),10,30,12,Travel Time (min),15,Wait Time (min),2,30,12,Travel Time (min),20,Wait Time (min),6,30,12,Travel Time (min),10,Wait Time (min),8,30,12,Travel Time (min),25,Wait Time (min),6,30,12,Travel Time (min),25,Wait Time (min),10,30,12,Travel Time (min),15,Wait Time (min),2,30,12,Travel Time (min),20,Wait Time (min),6,30,12,Travel Time (min),15,Wait Time (min),4,30,12,Travel Cost ($),8,0,Travel Cost ($),10,0,Travel Cost ($),12,0,Travel Cost ($),8,0,Travel Cost ($),12,0,Travel Cost ($),8,0,Travel Cost ($),15,0,Travel Cost ($),8,0,Travel Cost ($),10,0,Travel Cost ($),10,0
2023-03-21 11:19:16,2023-03-21 11:20:31,IP Address,192.31.105.16,100,75,True,2023-03-21 11:20:32,R_3Dd7y5hp7ank7wV,,,,,37.8657,-122.2571,anonymous,EN,"Yes, I consent.","Running errands (grocery shopping, etc.)",,Afternoon (12:00-17:59),Yes,Private vehicle (either driver or passenger),,"Yes, I have read and understood. Take me to the next questions.",3.989,3.989,5.177,1,Ridehail,2.443,2.443,2.963,1,Ridehail,2.861,2.861,4.381,1,Ridehail,0.972,0.972,1.493,1,Ridehail,0.835,0.835,1.203,1,Ridehail,0.607,0.607,1.66,1,Ridehail,1.145,1.145,2.981,1,Ridehail,1.181,1.181,1.592,1,Ridehail,0.548,0.548,0.909,1,Ridehail,0.597,0.597,0.983,1,Ridehail,Travel Time (min),25,Wait Time (min),4,30,12,Travel Time (min),10,Wait Time (min),2,30,12,Travel Time (min),25,Wait Time (min),4,30,12,Travel Time (min),15,Wait Time (min),10,30,12,Travel Time (min),10,Wait Time (min),2,30,12,Travel Time (min),20,Wait Time (min),6,30,12,Travel Time (min),25,Wait Time (min),6,30,12,Travel Time (min),20,Wait Time (min),2,30,12,Travel Time (min),10,Wait Time (min),2,30,12,Travel Time (min),15,Wait Time (min),10,30,12,Travel Cost ($),8,0,Travel Cost ($),10,0,Travel Cost ($),15,0,Travel Cost ($),12,0,Travel Cost ($),12,0,Travel Cost ($),15,0,Travel Cost ($),15,0,Travel Cost ($),10,0,Travel Cost ($),12,0,Travel Cost ($),8,0
2023-03-21 11:19:46,2023-03-21 11:20:50,IP Address,136.152.143.237,100,64,True,2023-03-21 11:20:50,R_cUSHB3DtVGeoFy1,,,,,37.8736,-122.257,anonymous,EN,"Yes, I consent.",Commute between home and campus,,Afternoon (12:00-17:59),Yes,Bike,,"Yes, I have read and understood. Take me to the next questions.",6.599,6.599,7.551,1,Ridehail,0.62,0.62,3.34,1,Bus,1.394,5.342,5.784,3,Ridehail,1.223,2.482,2.995,2,Bus,1.578,1.578,2.706,1,Bus,0.903,0.903,1.428,1,Bus,0.527,0.527,1.004,1,Bus,0.423,1.141,1.542,2,Ridehail,0.555,0.555,0.883,1,Bus,0.72,0.72,1.104,1,Bus,Travel Time (min),25,Wait Time (min),2,30,12,Travel Time (min),20,Wait Time (min),6,30,12,Travel Time (min),25,Wait Time (min),4,30,12,Travel Time (min),10,Wait Time (min),6,30,12,Travel Time (min),15,Wait Time (min),10,30,12,Travel Time (min),15,Wait Time (min),4,30,12,Travel Time (min),20,Wait Time (min),10,30,12,Travel Time (min),20,Wait Time (min),10,30,12,Travel Time (min),10,Wait Time (min),4,30,12,Travel Time (min),25,Wait Time (min),4,30,12,Travel Cost ($),12,0,Travel Cost ($),8,0,Travel Cost ($),8,0,Travel Cost ($),15,0,Travel Cost ($),12,0,Travel Cost ($),12,0,Travel Cost ($),15,0,Travel Cost ($),8,0,Travel Cost ($),10,0,Travel Cost ($),15,0
2023-03-21 11:19:13,2023-03-21 11:20:51,IP Address,136.152.143.246,100,98,True,2023-03-21 11:20:52,R_5yVS97D3hYIHVkt,,,,,37.8736,-122.257,anonymous,EN,"Yes, I consent.",Leisure,,Evening (18:00-21:59),No,Private vehicle (either driver or passenger),,"Yes, I have read and understood. Take me to the next questions.",1.329,10.344,11.133,2,Bus,12.712,13.994,17.168,2,Bus,1.67,4.155,6.358,2,Bus,5.311,6.563,15.585,2,Bus,1.488,2.472,2.961,2,Bus,1.205,2.889,3.959,2,Bus,1.328,2.928,3.534,2,Bus,2.127,5.038,5.857,4,Bus,1.442,2.192,3.213,2,Bus,1.223,2.94,3.563,2,Bus,Travel Time (min),20,Wait Time (min),10,30,12,Travel Time (min),15,Wait Time (min),6,30,12,Travel Time (min),20,Wait Time (min),6,30,12,Travel Time (min),10,Wait Time (min),6,30,12,Travel Time (min),20,Wait Time (min),8,30,12,Travel Time (min),20,Wait Time (min),6,30,12,Travel Time (min),15,Wait Time (min),4,30,12,Travel Time (min),10,Wait Time (min),6,30,12,Travel Time (min),15,Wait Time (min),10,30,12,Travel Time (min),10,Wait Time (min),8,30,12,Travel Cost ($),12,0,Travel Cost ($),8,0,Travel Cost ($),8,0,Travel Cost ($),12,0,Travel Cost ($),12,0,Travel Cost ($),8,0,Travel Cost ($),15,0,Travel Cost ($),12,0,Travel Cost ($),10,0,Travel Cost ($),8,0
2023-03-21 11:19:40,2023-03-21 11:20:55,IP Address,136.152.143.37,100,75,True,2023-03-21 11:20:55,R_1CmCR6WtGoPEeVg,,,,,37.8736,-122.257,anonymous,EN,"Yes, I consent.",Leisure,,Afternoon (12:00-17:59),No,Bus,,"Yes, I have read and understood. Take me to the next questions.",4.268,4.817,6.253,2,Bus,3.634,3.634,4.604,1,Bus,2.223,2.223,3.559,1,Bus,1.712,2.295,2.831,2,Bus,1.961,1.961,2.589,1,Bus,2.383,2.383,2.948,1,Bus,0.836,0.836,1.456,1,Bus,0.951,0.951,3.687,1,Bus,0.704,0.704,1.171,1,Bus,0.466,0.466,0.952,1,Bus,Travel Time (min),10,Wait Time (min),2,30,12,Travel Time (min),15,Wait Time (min),4,30,12,Travel Time (min),15,Wait Time (min),8,30,12,Travel Time (min),15,Wait Time (min),4,30,12,Travel Time (min),15,Wait Time (min),6,30,12,Travel Time (min),15,Wait Time (min),8,30,12,Travel Time (min),25,Wait Time (min),10,30,12,Travel Time (min),25,Wait Time (min),8,30,12,Travel Time (min),10,Wait Time (min),2,30,12,Travel Time (min),20,Wait Time (min),10,30,12,Travel Cost ($),10,0,Travel Cost ($),8,0,Travel Cost ($),8,0,Travel Cost ($),15,0,Travel Cost ($),8,0,Travel Cost ($),12,0,Travel Cost ($),15,0,Travel Cost ($),10,0,Travel Cost ($),15,0,Travel Cost ($),15,0
2023-03-21 11:19:11,2023-03-21 11:21:02,IP Address,136.152.143.116,100,110,True,2023-03-21 11:21:02,R_1KdRocwwJByqWqQ,,,,,37.8736,-122.257,anonymous,EN,"Yes, I consent.",Leisure,,Evening (18:00-21:59),Yes,BART,,"Yes, I have read and understood. Take me to the next questions.",12.661,12.661,14.099,1,Ridehail,11.297,11.297,12.086,1,Ridehail,6.381,6.381,6.884,1,Ridehail,2.824,2.824,5.444,1,Ridehail,2.052,2.052,2.688,1,Bus,3.51,3.51,8.913,1,Bus,1.543,1.543,3.246,1,Bus,2.723,2.723,3.393,1,Bus,3.865,4.298,4.318,2,Ridehail,2.38,2.38,3.516,1,Bus,Travel Time (min),15,Wait Time (min),6,30,12,Travel Time (min),15,Wait Time (min),4,30,12,Travel Time (min),20,Wait Time (min),4,30,12,Travel Time (min),10,Wait Time (min),2,30,12,Travel Time (min),25,Wait Time (min),2,30,12,Travel Time (min),15,Wait Time (min),10,30,12,Travel Time (min),20,Wait Time (min),8,30,12,Travel Time (min),20,Wait Time (min),10,30,12,Travel Time (min),15,Wait Time (min),4,30,12,Travel Time (min),20,Wait Time (min),10,30,12,Travel Cost ($),10,0,Travel Cost ($),12,0,Travel Cost ($),8,0,Travel Cost ($),10,0,Travel Cost ($),10,0,Travel Cost ($),8,0,Travel Cost ($),8,0,Travel Cost ($),15,0,Travel Cost ($),10,0,Travel Cost ($),8,0
2023-03-21 11:19:18,2023-03-21 11:21:05,IP Address,136.152.143.69,100,106,True,2023-03-21 11:21:05,R_3QMqCjE764Xwg7u,,,,,37.8736,-122.257,anonymous,EN,"Yes, I consent.",Commute between home and campus,,Morning (06:00-11:59),Yes,Bike,,"Yes, I have read and understood. Take me to the next questions.",7.377,7.377,9.238,1,Bus,10.092,10.092,11.16,1,Bus,6.221,6.221,7.419,1,Bus,3.01,3.01,3.971,1,Bus,2.778,2.778,4.082,1,Bus,1.537,1.537,2.433,1,Bus,2.984,2.984,4.045,1,Bus,1.326,1.326,2.484,1,Bus,1.289,1.289,2.211,1,Bus,1.21,1.21,2.238,1,Bus,Travel Time (min),15,Wait Time (min),2,30,12,Travel Time (min),15,Wait Time (min),6,30,12,Travel Time (min),20,Wait Time (min),2,30,12,Travel Time (min),20,Wait Time (min),6,30,12,Travel Time (min),25,Wait Time (min),6,30,12,Travel Time (min),25,Wait Time (min),8,30,12,Travel Time (min),20,Wait Time (min),10,30,12,Travel Time (min),25,Wait Time (min),2,30,12,Travel Time (min),25,Wait Time (min),6,30,12,Travel Time (min),25,Wait Time (min),8,30,12,Travel Cost ($),15,0,Travel Cost ($),8,0,Travel Cost ($),10,0,Travel Cost ($),12,0,Travel Cost ($),8,0,Travel Cost ($),15,0,Travel Cost ($),15,0,Travel Cost ($),12,0,Travel Cost ($),15,0,Travel Cost ($),15,0
2023-03-21 11:19:39,2023-03-21 11:21:08,IP Address,136.152.143.116,100,89,True,2023-03-21 11:21:08,R_1FLHaqSdWZrAj4R,,,,,37.8736,-122.257,anonymous,EN,"Yes, I consent.",Commute between home and campus,,Morning (06:00-11:59),Yes,Bus,,"Yes, I have read and understood. Take me to the next questions.",18.859,19.726,20.691,3,Bus,2.025,2.025,2.729,1,Bus,0.653,0.653,1.288,1,Bus,0.601,0.601,1.368,1,Bus,0.461,0.461,0.864,1,Bus,0.448,0.448,1.17,1,Bus,0.45,0.45,0.801,1,Bus,0.413,0.413,0.831,1,Bus,0.405,0.405,0.807,1,Bus,0.514,0.514,0.932,1,Bus,Travel Time (min),25,Wait Time (min),4,30,12,Travel Time (min),20,Wait Time (min),2,30,12,Travel Time (min),20,Wait Time (min),8,30,12,Travel Time (min),25,Wait Time (min),6,30,12,Travel Time (min),25,Wait Time (min),6,30,12,Travel Time (min),25,Wait Time (min),8,30,12,Travel Time (min),10,Wait Time (min),2,30,12,Travel Time (min),15,Wait Time (min),10,30,12,Travel Time (min),10,Wait Time (min),6,30,12,Travel Time (min),20,Wait Time (min),2,30,12,Travel Cost ($),10,0,Travel Cost ($),12,0,Travel Cost ($),12,0,Travel Cost ($),8,0,Travel Cost ($),15,0,Travel Cost ($),15,0,Travel Cost ($),12,0,Travel Cost ($),10,0,Travel Cost ($),10,0,Travel Cost ($),15,0
2023-03-21 11:19:23,2023-03-21 11:21:11,IP Address,136.152.143.59,100,107,True,2023-03-21 11:21:11,R_2TAbMTjmTVc1h8v,,,,,37.8736,-122.257,anonymous,EN,"Yes, I consent.",Leisure,,Evening (18:00-21:59),No,Bus,,"Yes, I have read and understood. Take me to the next questions.",1.238,11.574,12.259,2,Ridehail,1.173,7.619,8.322,6,Ridehail,0.937,5.344,6.651,3,Bus,1.404,1.404,4.072,1,Ridehail,0.928,2.772,3.778,2,Ridehail,2.663,7.505,10.796,5,Ridehail,1.073,2.037,3.696,2,Bus,1.165,7.573,9.014,4,Bus,0.764,0.764,1.601,1,Bus,1.124,4.343,5.149,4,Bus,Travel Time (min),10,Wait Time (min),6,30,12,Travel Time (min),15,Wait Time (min),2,30,12,Travel Time (min),15,Wait Time (min),6,30,12,Travel Time (min),10,Wait Time (min),4,30,12,Travel Time (min),20,Wait Time (min),8,30,12,Travel Time (min),15,Wait Time (min),4,30,12,Travel Time (min),20,Wait Time (min),4,30,12,Travel Time (min),15,Wait Time (min),8,30,12,Travel Time (min),20,Wait Time (min),6,30,12,Travel Time (min),25,Wait Time (min),8,30,12,Travel Cost ($),10,0,Travel Cost ($),10,0,Travel Cost ($),12,0,Travel Cost ($),8,0,Travel Cost ($),8,0,Travel Cost ($),8,0,Travel Cost ($),12,0,Travel Cost ($),15,0,Travel Cost ($),15,0,Travel Cost ($),10,0
2023-03-21 11:19:10,2023-03-21 11:21:15,IP Address,136.152.143.212,100,125,True,2023-03-21 11:21:15,R_0DsEp1shnDBit7X,,,,,37.8736,-122.257,anonymous,EN,"Yes, I consent.",Leisure,,Evening (18:00-21:59),No,Ridehail (Uber/Lyft),,"Yes, I have read and understood. Take me to the next questions.",7.635,8.515,10.893,2,Ridehail,1.27,5.597,7.385,2,Ridehail,0.844,6.97,7.475,2,Bus,0.884,16.594,16.609,5,Bus,0.844,10.429,10.451,6,Ridehail,1.172,3.114,3.819,3,Bus,0.887,13.739,13.762,8,Ridehail,3.964,3.964,6.986,1,Bus,3.46,3.46,4.395,1,Bus,1.751,1.751,3.355,1,Bus,Travel Time (min),10,Wait Time (min),2,30,12,Travel Time (min),10,Wait Time (min),6,30,12,Travel Time (min),10,Wait Time (min),10,30,12,Travel Time (min),10,Wait Time (min),10,30,12,Travel Time (min),10,Wait Time (min),8,30,12,Travel Time (min),20,Wait Time (min),10,30,12,Travel Time (min),15,Wait Time (min),8,30,12,Travel Time (min),20,Wait Time (min),4,30,12,Travel Time (min),10,Wait Time (min),10,30,12,Travel Time (min),25,Wait Time (min),2,30,12,Travel Cost ($),12,0,Travel Cost ($),8,0,Travel Cost ($),15,0,Travel Cost ($),8,0,Travel Cost ($),10,0,Travel Cost ($),12,0,Travel Cost ($),10,0,Travel Cost ($),8,0,Travel Cost ($),15,0,Travel Cost ($),10,0
2023-03-21 11:19:40,2023-03-21 11:21:15,IP Address,192.31.105.2,100,95,True,2023-03-21 11:21:15,R_1kHwWXZZH8WT1ZA,,,,,37.8657,-122.2571,anonymous,EN,"Yes, I consent.","Running errands (grocery shopping, etc.)",,Afternoon (12:00-17:59),No,Bus,,"Yes, I have read and understood. Take me to the next questions.",4.918,5.969,7.279,2,Bus,1.212,1.212,3.078,1,Bus,1.086,1.086,3.574,1,Bus,1.101,1.101,1.722,1,Bus,0.302,0.302,0.978,1,Bus,0.388,0.388,0.8,1,Bus,0.671,0.671,1.302,1,Bus,0.491,0.491,0.896,1,Bus,0.493,0.493,0.801,1,Bus,0.509,0.509,0.976,1,Bus,Travel Time (min),10,Wait Time (min),8,30,12,Travel Time (min),20,Wait Time (min),10,30,12,Travel Time (min),10,Wait Time (min),2,30,12,Travel Time (min),15,Wait Time (min),4,30,12,Travel Time (min),15,Wait Time (min),2,30,12,Travel Time (min),15,Wait Time (min),6,30,12,Travel Time (min),10,Wait Time (min),8,30,12,Travel Time (min),25,Wait Time (min),6,30,12,Travel Time (min),10,Wait Time (min),2,30,12,Travel Time (min),10,Wait Time (min),2,30,12,Travel Cost ($),10,0,Travel Cost ($),15,0,Travel Cost ($),8,0,Travel Cost ($),8,0,Travel Cost ($),15,0,Travel Cost ($),12,0,Travel Cost ($),10,0,Travel Cost ($),10,0,Travel Cost ($),8,0,Travel Cost ($),12,0
2023-03-21 11:06:12,2023-03-21 11:21:17,IP Address,192.31.105.225,100,905,True,2023-03-21 11:21:17,R_bDFJqkbXDPu1avv,,,,,37.8657,-122.2571,anonymous,EN,"Yes, I consent.",Commute between home and campus,,Afternoon (12:00-17:59),Yes,Walk,,"Yes, I have read and understood. Take me to the next questions.",6.507,6.507,11.24,1,Bus,2.44,2.44,3.81,1,Bus,2.231,2.231,4.186,1,Bus,1.654,4.047,5.771,3,Bus,1.752,1.752,2.952,1,Bus,1.672,1.672,2.835,1,Bus,1.172,1.172,2.601,1,Bus,1.444,1.444,5.716,1,Bus,6.217,6.217,7.446,1,Bus,1.837,1.837,3.014,1,Bus,Travel Time (min),25,Wait Time (min),2,30,12,Travel Time (min),20,Wait Time (min),8,30,12,Travel Time (min),25,Wait Time (min),4,30,12,Travel Time (min),15,Wait Time (min),10,30,12,Travel Time (min),20,Wait Time (min),8,30,12,Travel Time (min),20,Wait Time (min),4,30,12,Travel Time (min),10,Wait Time (min),6,30,12,Travel Time (min),10,Wait Time (min),6,30,12,Travel Time (min),20,Wait Time (min),8,30,12,Travel Time (min),25,Wait Time (min),8,30,12,Travel Cost ($),15,0,Travel Cost ($),15,0,Travel Cost ($),10,0,Travel Cost ($),10,0,Travel Cost ($),8,0,Travel Cost ($),10,0,Travel Cost ($),15,0,Travel Cost ($),15,0,Travel Cost ($),8,0,Travel Cost ($),10,0
2023-03-21 11:19:54,2023-03-21 11:21:18,IP Address,174.249.148.70,100,83,True,2023-03-21 11:21:19,R_2f0BCjyQ5dqI3iN,,,,,37.7794,-122.2178,anonymous,EN,"Yes, I consent.",Commute between home and campus,,Morning (06:00-11:59),Yes,Bus,,"Yes, I have read and understood. Take me to the next questions.",2.639,9.499,10.577,2,Bus,4.903,4.903,5.693,1,Bus,1.77,1.77,2.428,1,Bus,0.865,0.865,3.952,1,Bus,1.03,1.03,5.104,1,Bus,1.624,1.624,2.2,1,Bus,1.081,1.081,1.822,1,Bus,0.771,0.771,1.42,1,Bus,0.721,0.721,1.336,1,Bus,0.619,0.619,1.299,1,Bus,Travel Time (min),15,Wait Time (min),4,30,12,Travel Time (min),25,Wait Time (min),6,30,12,Travel Time (min),20,Wait Time (min),6,30,12,Travel Time (min),10,Wait Time (min),6,30,12,Travel Time (min),25,Wait Time (min),6,30,12,Travel Time (min),20,Wait Time (min),2,30,12,Travel Time (min),10,Wait Time (min),10,30,12,Travel Time (min),10,Wait Time (min),10,30,12,Travel Time (min),25,Wait Time (min),2,30,12,Travel Time (min),25,Wait Time (min),6,30,12,Travel Cost ($),8,0,Travel Cost ($),10,0,Travel Cost ($),12,0,Travel Cost ($),15,0,Travel Cost ($),15,0,Travel Cost ($),15,0,Travel Cost ($),10,0,Travel Cost ($),8,0,Travel Cost ($),8,0,Travel Cost ($),10,0
2023-03-21 10:38:49,2023-03-21 11:21:28,IP Address,136.152.143.100,100,2559,True,2023-03-21 11:21:28,R_3EnDEbnIFOWLUqS,,,,,37.8736,-122.257,anonymous,EN,"Yes, I consent.",Leisure,,Morning (06:00-11:59),Yes,Walk,,"Yes, I have read and understood. Take me to the next questions.",13.135,13.135,14.648,1,Bus,8.098,8.098,9.844,1,Bus,7.195,7.195,16.494,1,Bus,3.489,3.489,6.208,1,Bus,7.173,7.761,8.948,2,Bus,2.99,2.99,6.6,1,Bus,19.847,19.847,20.811,1,Bus,1.704,1.704,2.604,1,Bus,2.624,2.624,8.211,1,Ridehail,2.077,2.077,4.06,1,Bus,Travel Time (min),25,Wait Time (min),10,30,12,Travel Time (min),25,Wait Time (min),6,30,12,Travel Time (min),25,Wait Time (min),4,30,12,Travel Time (min),25,Wait Time (min),8,30,12,Travel Time (min),25,Wait Time (min),2,30,12,Travel Time (min),25,Wait Time (min),8,30,12,Travel Time (min),10,Wait Time (min),2,30,12,Travel Time (min),25,Wait Time (min),2,30,12,Travel Time (min),10,Wait Time (min),2,30,12,Travel Time (min),10,Wait Time (min),2,30,12,Travel Cost ($),8,0,Travel Cost ($),10,0,Travel Cost ($),10,0,Travel Cost ($),12,0,Travel Cost ($),8,0,Travel Cost ($),10,0,Travel Cost ($),12,0,Travel Cost ($),12,0,Travel Cost ($),10,0,Travel Cost ($),12,0
2023-03-21 11:19:24,2023-03-21 11:21:28,IP Address,136.152.143.78,100,124,True,2023-03-21 11:21:29,R_1Ldl3Q1Wk5P64dK,,,,,37.8736,-122.257,anonymous,EN,"Yes, I consent.",Other (Please specify),Home to work,Morning (06:00-11:59),Yes,Bus,,"Yes, I have read and understood. Take me to the next questions.",7.231,7.858,8.364,2,Bus,4.137,8.999,9.588,6,Bus,5.666,11.189,12.145,7,Bus,0.726,5.505,6.393,3,Bus,3.777,4.31,4.999,2,Bus,2.8,5.046,5.888,3,Bus,1.171,1.671,2.894,2,Bus,0.788,2.204,2.227,3,Bus,0.564,4.896,4.919,4,Bus,1.038,1.738,3.195,2,Bus,Travel Time (min),20,Wait Time (min),8,30,12,Travel Time (min),10,Wait Time (min),10,30,12,Travel Time (min),15,Wait Time (min),8,30,12,Travel Time (min),25,Wait Time (min),2,30,12,Travel Time (min),25,Wait Time (min),2,30,12,Travel Time (min),20,Wait Time (min),8,30,12,Travel Time (min),25,Wait Time (min),4,30,12,Travel Time (min),20,Wait Time (min),4,30,12,Travel Time (min),20,Wait Time (min),4,30,12,Travel Time (min),10,Wait Time (min),4,30,12,Travel Cost ($),15,0,Travel Cost ($),15,0,Travel Cost ($),15,0,Travel Cost ($),10,0,Travel Cost ($),15,0,Travel Cost ($),15,0,Travel Cost ($),8,0,Travel Cost ($),8,0,Travel Cost ($),15,0,Travel Cost ($),10,0
2023-03-21 11:19:26,2023-03-21 11:21:37,IP Address,136.152.143.107,100,131,True,2023-03-21 11:21:38,R_2CK9j5CKY5SbQSt,,,,,37.8736,-122.257,anonymous,EN,"Yes, I consent.",Commute between home and campus,,Morning (06:00-11:59),Yes,Bus,,"Yes, I have read and understood. Take me to the next questions.",6.174,6.174,6.837,1,Bus,2.869,2.869,3.485,1,Bus,3.095,3.095,3.64,1,Bus,4.246,4.246,5.056,1,Bus,2.266,2.266,2.705,1,Bus,0.688,1.593,2.088,2,Bus,0.594,1.134,1.151,2,Bus,0.625,0.625,1.21,1,Bus,0.635,0.635,1.146,1,Bus,0.708,1.991,2.005,3,Bus,Travel Time (min),15,Wait Time (min),4,30,12,Travel Time (min),10,Wait Time (min),10,30,12,Travel Time (min),20,Wait Time (min),4,30,12,Travel Time (min),15,Wait Time (min),6,30,12,Travel Time (min),25,Wait Time (min),4,30,12,Travel Time (min),25,Wait Time (min),10,30,12,Travel Time (min),20,Wait Time (min),2,30,12,Travel Time (min),15,Wait Time (min),8,30,12,Travel Time (min),20,Wait Time (min),6,30,12,Travel Time (min),20,Wait Time (min),6,30,12,Travel Cost ($),10,0,Travel Cost ($),15,0,Travel Cost ($),10,0,Travel Cost ($),8,0,Travel Cost ($),10,0,Travel Cost ($),12,0,Travel Cost ($),10,0,Travel Cost ($),8,0,Travel Cost ($),10,0,Travel Cost ($),12,0
2023-03-21 11:19:20,2023-03-21 11:21:38,IP Address,107.115.29.143,100,138,True,2023-03-21 11:21:39,R_1JPxYATmWd34KCG,,,,,37.3512,-121.8846,anonymous,EN,"Yes, I consent.",Leisure,,Afternoon (12:00-17:59),Yes,Walk,,"Yes, I have read and understood. Take me to the next questions.",7.624,7.624,10.593,1,Bus,11.457,12.152,12.179,2,Bus,6.679,6.679,8.234,1,Bus,8.276,8.276,8.763,1,Bus,4.172,4.172,4.583,1,Bus,5.679,5.679,9.185,1,Bus,8.386,8.386,9.273,1,Bus,2.168,2.168,3.082,1,Bus,1.514,1.514,2.1,1,Bus,2.239,3.389,3.41,2,Bus,Travel Time (min),10,Wait Time (min),6,30,12,Travel Time (min),20,Wait Time (min),8,30,12,Travel Time (min),25,Wait Time (min),6,30,12,Travel Time (min),10,Wait Time (min),10,30,12,Travel Time (min),20,Wait Time (min),6,30,12,Travel Time (min),20,Wait Time (min),8,30,12,Travel Time (min),15,Wait Time (min),6,30,12,Travel Time (min),20,Wait Time (min),8,30,12,Travel Time (min),15,Wait Time (min),10,30,12,Travel Time (min),25,Wait Time (min),2,30,12,Travel Cost ($),15,0,Travel Cost ($),12,0,Travel Cost ($),15,0,Travel Cost ($),8,0,Travel Cost ($),15,0,Travel Cost ($),10,0,Travel Cost ($),10,0,Travel Cost ($),15,0,Travel Cost ($),15,0,Travel Cost ($),8,0
2023-03-21 11:19:40,2023-03-21 11:21:42,IP Address,136.152.143.21,100,122,True,2023-03-21 11:21:43,R_1HjnmuejrvpVcBa,,,,,37.8736,-122.257,anonymous,EN,"Yes, I consent.","Running errands (grocery shopping, etc.)",,Afternoon (12:00-17:59),Yes,Private vehicle (either driver or passenger),,"Yes, I have read and understood. Take me to the next questions.",1.441,6.84,7.312,3,Bus,9.693,10.276,10.723,2,Bus,7.581,8.329,11.215,2,Bus,2.078,3.173,14.649,2,Bus,3.665,4.573,23.542,2,Bus,2.627,3.429,5.453,2,Bus,2.018,2.774,3.94,2,Bus,1.055,2.063,2.438,2,Bus,1.042,1.501,2.221,2,Bus,1.766,2.367,2.868,2,Bus,Travel Time (min),20,Wait Time (min),10,30,12,Travel Time (min),15,Wait Time (min),8,30,12,Travel Time (min),20,Wait Time (min),6,30,12,Travel Time (min),10,Wait Time (min),2,30,12,Travel Time (min),20,Wait Time (min),10,30,12,Travel Time (min),25,Wait Time (min),8,30,12,Travel Time (min),15,Wait Time (min),8,30,12,Travel Time (min),25,Wait Time (min),4,30,12,Travel Time (min),25,Wait Time (min),4,30,12,Travel Time (min),10,Wait Time (min),10,30,12,Travel Cost ($),8,0,Travel Cost ($),12,0,Travel Cost ($),15,0,Travel Cost ($),15,0,Travel Cost ($),10,0,Travel Cost ($),8,0,Travel Cost ($),12,0,Travel Cost ($),8,0,Travel Cost ($),8,0,Travel Cost ($),15,0
2023-03-21 11:19:24,2023-03-21 11:21:57,IP Address,136.152.143.218,100,153,True,2023-03-21 11:21:58,R_2XhuG3jZ3udNdgG,,,,,37.8736,-122.257,anonymous,EN,"Yes, I consent.","Running errands (grocery shopping, etc.)",,Afternoon (12:00-17:59),No,Bus,,"Yes, I have read and understood. Take me to the next questions.",2.225,9.942,10.694,2,Bus,1.699,10.604,11.442,2,Bus,2.272,12.158,14.336,3,Bus,1.945,2.432,3.163,2,Bus,1.003,3.073,4.952,2,Bus,1.409,3.827,4.563,2,Bus,1.371,2.669,3.502,2,Bus,1.422,1.992,3.642,2,Bus,1.428,2.475,3.29,3,Bus,0.738,2.907,3.486,2,Bus,Travel Time (min),25,Wait Time (min),2,30,12,Travel Time (min),10,Wait Time (min),10,30,12,Travel Time (min),10,Wait Time (min),2,30,12,Travel Time (min),10,Wait Time (min),6,30,12,Travel Time (min),25,Wait Time (min),8,30,12,Travel Time (min),10,Wait Time (min),4,30,12,Travel Time (min),15,Wait Time (min),10,30,12,Travel Time (min),25,Wait Time (min),8,30,12,Travel Time (min),25,Wait Time (min),10,30,12,Travel Time (min),20,Wait Time (min),10,30,12,Travel Cost ($),8,0,Travel Cost ($),12,0,Travel Cost ($),10,0,Travel Cost ($),10,0,Travel Cost ($),15,0,Travel Cost ($),12,0,Travel Cost ($),12,0,Travel Cost ($),10,0,Travel Cost ($),8,0,Travel Cost ($),10,0
2023-03-21 11:19:19,2023-03-21 11:22:07,IP Address,192.31.105.188,100,167,True,2023-03-21 11:22:08,R_1LU19fJqzGMkWDD,,,,,37.8657,-122.2571,anonymous,EN,"Yes, I consent.",Other (Please specify),Picking up friends from airport,Morning (06:00-11:59),Yes,BART,,"Yes, I have read and understood. Take me to the next questions.",16.523,16.523,17.273,1,Bus,9.338,9.338,10.758,1,Bus,3.625,3.625,4.211,1,Bus,4.616,4.616,16.64,1,Ridehail,4.642,4.642,5.275,1,Bus,2.004,2.004,2.59,1,Bus,2.987,2.987,5.224,1,Ridehail,1.824,1.824,2.44,1,Bus,3.156,3.156,3.825,1,Ridehail,12.553,17.57,17.59,3,Bus,Travel Time (min),20,Wait Time (min),10,30,12,Travel Time (min),15,Wait Time (min),6,30,12,Travel Time (min),25,Wait Time (min),6,30,12,Travel Time (min),20,Wait Time (min),4,30,12,Travel Time (min),10,Wait Time (min),10,30,12,Travel Time (min),15,Wait Time (min),8,30,12,Travel Time (min),10,Wait Time (min),6,30,12,Travel Time (min),10,Wait Time (min),8,30,12,Travel Time (min),10,Wait Time (min),4,30,12,Travel Time (min),10,Wait Time (min),6,30,12,Travel Cost ($),10,0,Travel Cost ($),12,0,Travel Cost ($),8,0,Travel Cost ($),8,0,Travel Cost ($),15,0,Travel Cost ($),15,0,Travel Cost ($),8,0,Travel Cost ($),12,0,Travel Cost ($),8,0,Travel Cost ($),10,0
2023-03-21 11:19:35,2023-03-21 11:22:18,IP Address,136.152.143.132,100,163,True,2023-03-21 11:22:19,R_2THUgskVjypdU91,,,,,37.8736,-122.257,anonymous,EN,"Yes, I consent.","Running errands (grocery shopping, etc.)",,Afternoon (12:00-17:59),No,Bus,,"Yes, I have read and understood. Take me to the next questions.",10.498,17.601,17.615,3,Bus,2.9,2.9,12.75,1,Bus,1.025,1.025,10.529,1,Bus,2.381,2.381,4.335,1,Bus,0.821,0.821,2.749,1,Bus,0.606,0.606,3.084,1,Bus,0.459,0.459,2.154,1,Bus,0.657,0.657,2.306,1,Bus,0.911,0.911,1.76,1,Bus,0.489,0.489,1.236,1,Bus,Travel Time (min),10,Wait Time (min),6,30,12,Travel Time (min),25,Wait Time (min),4,30,12,Travel Time (min),10,Wait Time (min),4,30,12,Travel Time (min),25,Wait Time (min),8,30,12,Travel Time (min),15,Wait Time (min),8,30,12,Travel Time (min),25,Wait Time (min),4,30,12,Travel Time (min),15,Wait Time (min),10,30,12,Travel Time (min),15,Wait Time (min),4,30,12,Travel Time (min),15,Wait Time (min),10,30,12,Travel Time (min),20,Wait Time (min),10,30,12,Travel Cost ($),10,0,Travel Cost ($),12,0,Travel Cost ($),10,0,Travel Cost ($),8,0,Travel Cost ($),15,0,Travel Cost ($),10,0,Travel Cost ($),10,0,Travel Cost ($),15,0,Travel Cost ($),10,0,Travel Cost ($),10,0
2023-03-21 11:19:20,2023-03-21 11:22:42,IP Address,192.31.105.50,100,201,True,2023-03-21 11:22:42,R_2wRbt9gfJmuIQ40,,,,,37.8657,-122.2571,anonymous,EN,"Yes, I consent.",Leisure,,Afternoon (12:00-17:59),Yes,BART,,"Yes, I have read and understood. Take me to the next questions.",14.751,15.621,16.224,2,Bus,16.324,27.001,31.597,3,Ridehail,4.201,5.393,10.301,2,Bus,3.501,4.363,5.47,2,Bus,6.537,7.959,9.641,3,Ridehail,1.338,8.801,9.983,3,Bus,1.293,5.877,6.382,2,Ridehail,1.086,7.295,7.796,2,Bus,1.018,13.548,14.861,2,Ridehail,0.964,4.663,5.194,2,Bus,Travel Time (min),20,Wait Time (min),2,30,12,Travel Time (min),15,Wait Time (min),6,30,12,Travel Time (min),20,Wait Time (min),8,30,12,Travel Time (min),10,Wait Time (min),6,30,12,Travel Time (min),10,Wait Time (min),8,30,12,Travel Time (min),25,Wait Time (min),10,30,12,Travel Time (min),10,Wait Time (min),6,30,12,Travel Time (min),25,Wait Time (min),8,30,12,Travel Time (min),10,Wait Time (min),10,30,12,Travel Time (min),20,Wait Time (min),2,30,12,Travel Cost ($),12,0,Travel Cost ($),10,0,Travel Cost ($),8,0,Travel Cost ($),10,0,Travel Cost ($),10,0,Travel Cost ($),10,0,Travel Cost ($),12,0,Travel Cost ($),15,0,Travel Cost ($),8,0,Travel Cost ($),10,0
2023-03-21 11:19:31,2023-03-21 11:22:44,IP Address,192.31.105.110,100,193,True,2023-03-21 11:22:45,R_3sywo6ex6WHV4pD,,,,,37.8657,-122.2571,anonymous,EN,"Yes, I consent.","Running errands (grocery shopping, etc.)",,Afternoon (12:00-17:59),Yes,Private vehicle (either driver or passenger),,"Yes, I have read and understood. Take me to the next questions.",11.158,26.118,27.103,2,Ridehail,11.604,11.604,12.39,1,Bus,9.847,9.847,14.785,1,Ridehail,13.39,13.39,14.556,1,Bus,7.99,7.99,8.757,1,Ridehail,12.59,12.59,13.242,1,Ridehail,17.352,17.352,18.203,1,Ridehail,6.808,6.808,7.594,1,Ridehail,4.275,4.275,4.894,1,Ridehail,8.657,8.657,9.407,1,Bus,Travel Time (min),10,Wait Time (min),2,30,12,Travel Time (min),25,Wait Time (min),6,30,12,Travel Time (min),10,Wait Time (min),10,30,12,Travel Time (min),20,Wait Time (min),8,30,12,Travel Time (min),25,Wait Time (min),2,30,12,Travel Time (min),15,Wait Time (min),8,30,12,Travel Time (min),25,Wait Time (min),2,30,12,Travel Time (min),10,Wait Time (min),8,30,12,Travel Time (min),15,Wait Time (min),4,30,12,Travel Time (min),20,Wait Time (min),6,30,12,Travel Cost ($),12,0,Travel Cost ($),12,0,Travel Cost ($),10,0,Travel Cost ($),15,0,Travel Cost ($),8,0,Travel Cost ($),12,0,Travel Cost ($),10,0,Travel Cost ($),8,0,Travel Cost ($),8,0,Travel Cost ($),12,0
2023-03-21 11:19:35,2023-03-21 11:22:45,IP Address,136.152.143.35,100,190,True,2023-03-21 11:22:45,R_CabQcFmtzeLSwtX,,,,,37.8736,-122.257,anonymous,EN,"Yes, I consent.",Commute between home and campus,,Morning (06:00-11:59),Yes,Bike,,"Yes, I have read and understood. Take me to the next questions.",0.915,28.826,31.356,7,Bus,1.772,7.497,8.742,2,Bus,0.929,5.897,7.322,4,Bus,0.962,23.271,23.773,3,Ridehail,0.898,6.143,6.684,4,Bus,0.853,1.311,1.745,2,Bus,0.588,1.493,2.022,2,Bus,0.699,2.5,3.328,3,Bus,0.792,1.2,1.837,2,Bus,0.631,2.247,6.133,2,Bus,Travel Time (min),10,Wait Time (min),10,30,12,Travel Time (min),20,Wait Time (min),6,30,12,Travel Time (min),10,Wait Time (min),2,30,12,Travel Time (min),15,Wait Time (min),2,30,12,Travel Time (min),10,Wait Time (min),4,30,12,Travel Time (min),10,Wait Time (min),4,30,12,Travel Time (min),20,Wait Time (min),10,30,12,Travel Time (min),20,Wait Time (min),8,30,12,Travel Time (min),25,Wait Time (min),6,30,12,Travel Time (min),25,Wait Time (min),10,30,12,Travel Cost ($),15,0,Travel Cost ($),15,0,Travel Cost ($),10,0,Travel Cost ($),8,0,Travel Cost ($),15,0,Travel Cost ($),10,0,Travel Cost ($),15,0,Travel Cost ($),10,0,Travel Cost ($),10,0,Travel Cost ($),8,0
2023-03-21 10:49:00,2023-03-21 11:22:47,IP Address,192.31.105.113,100,2026,True,2023-03-21 11:22:47,R_1QF1WKKaXMQ2fl6,,,,,37.8657,-122.2571,anonymous,EN,"Yes, I consent.",Leisure,,Afternoon (12:00-17:59),No,BART,,"Yes, I have read and understood. Take me to the next questions.",6.778,11.227,11.785,4,Bus,4.975,4.975,6.445,1,Bus,13.062,14.895,15.363,2,Bus,8.449,8.449,9.154,1,Bus,3.614,3.614,5.135,1,Ridehail,7.785,8.515,9.471,2,Ridehail,3.164,3.164,3.986,1,Ridehail,2.285,2.285,8.741,1,Bus,2.027,2.027,2.865,1,Bus,1.245,4.861,5.481,3,Bus,Travel Time (min),20,Wait Time (min),4,30,12,Travel Time (min),15,Wait Time (min),6,30,12,Travel Time (min),20,Wait Time (min),8,30,12,Travel Time (min),20,Wait Time (min),10,30,12,Travel Time (min),10,Wait Time (min),8,30,12,Travel Time (min),20,Wait Time (min),8,30,12,Travel Time (min),15,Wait Time (min),2,30,12,Travel Time (min),15,Wait Time (min),10,30,12,Travel Time (min),20,Wait Time (min),4,30,12,Travel Time (min),10,Wait Time (min),4,30,12,Travel Cost ($),15,0,Travel Cost ($),12,0,Travel Cost ($),15,0,Travel Cost ($),12,0,Travel Cost ($),10,0,Travel Cost ($),12,0,Travel Cost ($),8,0,Travel Cost ($),8,0,Travel Cost ($),8,0,Travel Cost ($),15,0
2023-03-21 11:19:28,2023-03-21 11:22:48,IP Address,136.152.143.135,100,200,True,2023-03-21 11:22:49,R_2VryKRP7xVqvRBS,,,,,37.8736,-122.257,anonymous,EN,"Yes, I consent.",Commute between home and campus,,Morning (06:00-11:59),Yes,Bus,,"Yes, I have read and understood. Take me to the next questions.",4.411,35.035,36.192,8,Bus,0.787,16.826,17.944,5,Bus,0.822,13.843,15.98,5,Ridehail,0.84,5.156,6.437,3,Ridehail,0.73,4.828,5.647,3,Ridehail,0.785,7.845,14.878,3,Bus,0.721,3.852,4.787,2,Ridehail,0.621,2.785,2.8,4,Ridehail,0.688,1.97,3.841,2,Bus,0.501,3.773,4.408,3,Ridehail,Travel Time (min),20,Wait Time (min),4,30,12,Travel Time (min),25,Wait Time (min),2,30,12,Travel Time (min),15,Wait Time (min),6,30,12,Travel Time (min),20,Wait Time (min),2,30,12,Travel Time (min),20,Wait Time (min),2,30,12,Travel Time (min),20,Wait Time (min),8,30,12,Travel Time (min),15,Wait Time (min),8,30,12,Travel Time (min),10,Wait Time (min),4,30,12,Travel Time (min),20,Wait Time (min),6,30,12,Travel Time (min),20,Wait Time (min),2,30,12,Travel Cost ($),15,0,Travel Cost ($),8,0,Travel Cost ($),12,0,Travel Cost ($),8,0,Travel Cost ($),10,0,Travel Cost ($),12,0,Travel Cost ($),8,0,Travel Cost ($),8,0,Travel Cost ($),12,0,Travel Cost ($),10,0
2023-03-21 11:19:17,2023-03-21 11:22:57,IP Address,192.31.105.95,100,219,True,2023-03-21 11:22:57,R_1fmgdFXJ5fyxxDE,,,,,37.8657,-122.2571,anonymous,EN,"Yes, I consent.","Running errands (grocery shopping, etc.)",,Afternoon (12:00-17:59),Yes,Ridehail (Uber/Lyft),,"Yes, I have read and understood. Take me to the next questions.",4.407,14.175,19.697,4,Bus,1.013,14.288,18.657,3,Bus,0.912,5.404,6.967,3,Bus,0.757,4.749,5.124,3,Bus,0.688,3.075,3.599,2,Bus,0.765,7.316,7.685,2,Bus,0.722,6.718,7.222,4,Bus,0.691,4.468,4.768,4,Bus,0.642,2.244,3.408,2,Bus,0.695,8.595,9.17,2,Bus,Travel Time (min),25,Wait Time (min),8,30,12,Travel Time (min),15,Wait Time (min),4,30,12,Travel Time (min),15,Wait Time (min),8,30,12,Travel Time (min),25,Wait Time (min),4,30,12,Travel Time (min),10,Wait Time (min),8,30,12,Travel Time (min),15,Wait Time (min),10,30,12,Travel Time (min),20,Wait Time (min),2,30,12,Travel Time (min),20,Wait Time (min),10,30,12,Travel Time (min),10,Wait Time (min),6,30,12,Travel Time (min),20,Wait Time (min),2,30,12,Travel Cost ($),10,0,Travel Cost ($),12,0,Travel Cost ($),8,0,Travel Cost ($),10,0,Travel Cost ($),12,0,Travel Cost ($),15,0,Travel Cost ($),15,0,Travel Cost ($),15,0,Travel Cost ($),10,0,Travel Cost ($),12,0
2023-03-21 11:14:43,2023-03-21 11:22:59,IP Address,192.31.105.140,100,495,True,2023-03-21 11:22:59,R_C1eOnSkvWfW4T4d,,,,,37.8657,-122.2571,anonymous,EN,"Yes, I consent.",Leisure,,Afternoon (12:00-17:59),No,Ridehail (Uber/Lyft),,"Yes, I have read and understood. Take me to the next questions.",12.39,32.441,35.202,2,Bus,9.386,13.421,14.054,2,Bus,3.188,3.188,4.423,1,Bus,1.962,1.962,6.58,1,Bus,1.616,12.788,13.35,4,Ridehail,5.554,8.614,9.961,2,Ridehail,1.6,1.6,7.474,1,Bus,3.357,5.438,6.728,2,Bus,1.163,1.163,7.383,1,Bus,1.897,1.897,3.273,1,Bus,Travel Time (min),10,Wait Time (min),4,30,12,Travel Time (min),15,Wait Time (min),8,30,12,Travel Time (min),25,Wait Time (min),6,30,12,Travel Time (min),20,Wait Time (min),6,30,12,Travel Time (min),15,Wait Time (min),4,30,12,Travel Time (min),10,Wait Time (min),8,30,12,Travel Time (min),25,Wait Time (min),4,30,12,Travel Time (min),15,Wait Time (min),10,30,12,Travel Time (min),25,Wait Time (min),6,30,12,Travel Time (min),20,Wait Time (min),10,30,12,Travel Cost ($),15,0,Travel Cost ($),8,0,Travel Cost ($),12,0,Travel Cost ($),15,0,Travel Cost ($),8,0,Travel Cost ($),12,0,Travel Cost ($),10,0,Travel Cost ($),12,0,Travel Cost ($),10,0,Travel Cost ($),15,0
2023-03-21 11:19:38,2023-03-21 11:23:05,IP Address,136.152.143.44,100,206,True,2023-03-21 11:23:06,R_RJ0bX3RnKyTLQRz,,,,,37.8736,-122.257,anonymous,EN,"Yes, I consent.","Running errands (grocery shopping, etc.)",,Afternoon (12:00-17:59),Yes,Bus,,"Yes, I have read and understood. Take me to the next questions.",15.933,15.933,18.683,1,Bus,14.453,14.453,15.236,1,Bus,6.517,6.517,7.135,1,Bus,6.013,6.013,7.37,1,Bus,5.52,5.52,12.333,1,Bus,13.432,13.432,15.578,1,Bus,7.297,7.297,7.995,1,Bus,0.686,0.686,1.975,1,Bus,0.594,0.594,1.26,1,Bus,1.009,1.009,1.391,1,Bus,Travel Time (min),20,Wait Time (min),4,30,12,Travel Time (min),25,Wait Time (min),8,30,12,Travel Time (min),20,Wait Time (min),8,30,12,Travel Time (min),25,Wait Time (min),10,30,12,Travel Time (min),15,Wait Time (min),2,30,12,Travel Time (min),25,Wait Time (min),6,30,12,Travel Time (min),15,Wait Time (min),2,30,12,Travel Time (min),10,Wait Time (min),8,30,12,Travel Time (min),25,Wait Time (min),4,30,12,Travel Time (min),10,Wait Time (min),2,30,12,Travel Cost ($),15,0,Travel Cost ($),10,0,Travel Cost ($),12,0,Travel Cost ($),15,0,Travel Cost ($),15,0,Travel Cost ($),8,0,Travel Cost ($),12,0,Travel Cost ($),12,0,Travel Cost ($),15,0,Travel Cost ($),8,0
2023-03-21 11:21:27,2023-03-21 11:23:18,IP Address,136.152.143.63,100,110,True,2023-03-21 11:23:18,R_VKLPJP8hLKwHpJf,,,,,37.8736,-122.257,anonymous,EN,"Yes, I consent.",Commute between home and campus,,Morning (06:00-11:59),Yes,Walk,,"Yes, I have read and understood. Take me to the next questions.",11.241,11.241,12.297,1,Bus,4.461,9.361,10.315,4,Bus,1.337,1.337,2.075,1,Bus,1.002,1.002,1.709,1,Bus,1.065,1.065,2.887,1,Bus,3.281,3.281,4.119,1,Bus,0.853,0.853,1.808,1,Bus,3.427,3.427,4.379,1,Bus,1.866,1.866,2.622,1,Bus,1.354,1.354,2.858,1,Bus,Travel Time (min),20,Wait Time (min),10,30,12,Travel Time (min),25,Wait Time (min),4,30,12,Travel Time (min),15,Wait Time (min),6,30,12,Travel Time (min),10,Wait Time (min),4,30,12,Travel Time (min),15,Wait Time (min),6,30,12,Travel Time (min),20,Wait Time (min),2,30,12,Travel Time (min),15,Wait Time (min),10,30,12,Travel Time (min),10,Wait Time (min),2,30,12,Travel Time (min),20,Wait Time (min),6,30,12,Travel Time (min),10,Wait Time (min),2,30,12,Travel Cost ($),12,0,Travel Cost ($),10,0,Travel Cost ($),8,0,Travel Cost ($),8,0,Travel Cost ($),10,0,Travel Cost ($),12,0,Travel Cost ($),12,0,Travel Cost ($),15,0,Travel Cost ($),10,0,Travel Cost ($),15,0
2023-03-21 11:20:42,2023-03-21 11:23:23,IP Address,136.152.143.66,100,161,True,2023-03-21 11:23:23,R_RLyZT6tL9JICNoZ,,,,,37.8736,-122.257,anonymous,EN,"Yes, I consent.",Leisure,,Evening (18:00-21:59),No,Bus,,"Yes, I have read and understood. Take me to the next questions.",11.884,11.884,13.772,1,Bus,9.756,9.756,12.191,1,Bus,6.283,6.283,11.059,1,Bus,4.666,4.666,7.13,1,Bus,5.706,5.706,7.535,1,Bus,4.026,4.026,5.142,1,Bus,6.873,6.873,8.588,1,Bus,6.714,6.714,8.231,1,Bus,4.978,4.978,8.721,1,Ridehail,3.036,3.036,6.203,1,Bus,Travel Time (min),25,Wait Time (min),6,30,12,Travel Time (min),10,Wait Time (min),10,30,12,Travel Time (min),15,Wait Time (min),10,30,12,Travel Time (min),25,Wait Time (min),4,30,12,Travel Time (min),10,Wait Time (min),8,30,12,Travel Time (min),20,Wait Time (min),10,30,12,Travel Time (min),20,Wait Time (min),8,30,12,Travel Time (min),15,Wait Time (min),6,30,12,Travel Time (min),15,Wait Time (min),6,30,12,Travel Time (min),15,Wait Time (min),8,30,12,Travel Cost ($),10,0,Travel Cost ($),10,0,Travel Cost ($),10,0,Travel Cost ($),15,0,Travel Cost ($),15,0,Travel Cost ($),15,0,Travel Cost ($),12,0,Travel Cost ($),10,0,Travel Cost ($),8,0,Travel Cost ($),10,0
2023-03-21 11:05:55,2023-03-21 11:25:08,IP Address,192.31.105.188,100,1152,True,2023-03-21 11:25:09,R_2EfTKDDg8rQwWVt,,,,,37.8657,-122.2571,anonymous,EN,"Yes, I consent.",Leisure,,Evening (18:00-21:59),No,BART,,"Yes, I have read and understood. Take me to the next questions.",31.306,31.306,32.628,1,Bus,3.092,4.179,18.967,2,Bus,18.582,18.582,19.787,1,Bus,12,48.079,67.977,2,Bus,4.892,4.892,7.621,1,Bus,3.479,3.479,5.071,1,Ridehail,66.962,66.962,68.823,1,Ridehail,5.446,5.446,6.476,1,Bus,16.638,16.638,18.48,1,Bus,2.74,2.74,3.962,1,Ridehail,Travel Time (min),15,Wait Time (min),8,30,12,Travel Time (min),25,Wait Time (min),2,30,12,Travel Time (min),25,Wait Time (min),4,30,12,Travel Time (min),20,Wait Time (min),4,30,12,Travel Time (min),20,Wait Time (min),10,30,12,Travel Time (min),15,Wait Time (min),2,30,12,Travel Time (min),15,Wait Time (min),2,30,12,Travel Time (min),20,Wait Time (min),10,30,12,Travel Time (min),15,Wait Time (min),4,30,12,Travel Time (min),10,Wait Time (min),2,30,12,Travel Cost ($),12,0,Travel Cost ($),12,0,Travel Cost ($),10,0,Travel Cost ($),15,0,Travel Cost ($),8,0,Travel Cost ($),10,0,Travel Cost ($),8,0,Travel Cost ($),8,0,Travel Cost ($),15,0,Travel Cost ($),12,0
2023-03-20 20:53:07,2023-03-21 15:57:00,IP Address,136.152.143.230,100,68632,True,2023-03-21 15:57:01,R_2rNJRE4R3zug5sb,,,,,37.8736,-122.257,anonymous,EN,"Yes, I consent.",Leisure,,Evening (18:00-21:59),Yes,BART,,"Yes, I have read and understood. Take me to the next questions.",8.019,8.019,9.052,1,Ridehail,2.557,4.772,5.538,2,Bus,4.288,4.288,5.258,1,Bus,5.818,5.818,6.692,1,Ridehail,10.157,11.29,12.058,2,Bus,2.881,2.881,3.555,1,Ridehail,3.735,3.735,5.798,1,Ridehail,2.912,2.912,3.734,1,Ridehail,4.676,4.676,5.377,1,Ridehail,5.115,5.675,6.004,2,Ridehail,Travel Time (min),10,Wait Time (min),4,30,12,Travel Time (min),15,Wait Time (min),10,30,12,Travel Time (min),25,Wait Time (min),4,30,12,Travel Time (min),20,Wait Time (min),2,30,12,Travel Time (min),20,Wait Time (min),4,30,12,Travel Time (min),15,Wait Time (min),8,30,12,Travel Time (min),10,Wait Time (min),8,30,12,Travel Time (min),15,Wait Time (min),2,30,12,Travel Time (min),10,Wait Time (min),10,30,12,Travel Time (min),20,Wait Time (min),2,30,12,Travel Cost ($),8,0,Travel Cost ($),15,0,Travel Cost ($),8,0,Travel Cost ($),12,0,Travel Cost ($),15,0,Travel Cost ($),8,0,Travel Cost ($),8,0,Travel Cost ($),10,0,Travel Cost ($),10,0,Travel Cost ($),8,0
2023-03-21 16:08:36,2023-03-21 16:10:09,IP Address,136.152.143.230,100,93,True,2023-03-21 16:10:10,R_7Ql0Lu9pGIk88k9,,,,,37.8736,-122.257,anonymous,EN,"Yes, I consent.",Commute between home and campus,,Morning (06:00-11:59),Yes,Ridehail (Uber/Lyft),,"Yes, I have read and understood. Take me to the next questions.",11.521,14.267,16.224,4,Bus,2.014,2.014,3.755,1,Ridehail,3.832,3.832,4.535,1,Ridehail,4.249,4.249,5.036,1,Bus,6.578,6.578,7.228,1,Bus,2.452,2.452,3.883,1,Ridehail,5.531,5.531,8.662,1,Bus,3.566,3.566,4.492,1,Ridehail,7.184,7.878,8.433,2,Bus,1.369,11.826,12.198,4,Ridehail,Travel Time (min),10,Wait Time (min),8,30,12,Travel Time (min),10,Wait Time (min),6,30,12,Travel Time (min),20,Wait Time (min),8,30,12,Travel Time (min),25,Wait Time (min),8,30,12,Travel Time (min),20,Wait Time (min),6,30,12,Travel Time (min),15,Wait Time (min),2,30,12,Travel Time (min),20,Wait Time (min),10,30,12,Travel Time (min),15,Wait Time (min),10,30,12,Travel Time (min),15,Wait Time (min),10,30,12,Travel Time (min),20,Wait Time (min),10,30,12,Travel Cost ($),12,0,Travel Cost ($),8,0,Travel Cost ($),12,0,Travel Cost ($),8,0,Travel Cost ($),15,0,Travel Cost ($),8,0,Travel Cost ($),12,0,Travel Cost ($),8,0,Travel Cost ($),8,0,Travel Cost ($),15,0
2023-03-21 16:10:01,2023-03-21 16:12:58,IP Address,23.93.179.190,100,176,True,2023-03-21 16:12:58,R_1gcj8kwn3yQ9yzk,,,,,37.8919,-122.2636,anonymous,EN,"Yes, I consent.",Commute between home and campus,,Afternoon (12:00-17:59),Yes,BART,,"Yes, I have read and understood. Take me to the next questions.",1.714,19.672,20.398,3,Bus,1.362,4.3,5.067,2,Bus,1.431,5.04,5.796,2,Bus,1.181,6.633,7.216,2,Bus,1.368,11.21,11.785,5,Bus,1.548,5.598,8.088,3,Bus,1.191,5.211,6.347,2,Ridehail,1.285,3.495,4.307,2,Bus,1.332,3.403,5.001,2,Bus,1.18,2.937,3.842,2,Bus,Travel Time (min),15,Wait Time (min),10,30,12,Travel Time (min),15,Wait Time (min),6,30,12,Travel Time (min),20,Wait Time (min),4,30,12,Travel Time (min),15,Wait Time (min),8,30,12,Travel Time (min),20,Wait Time (min),8,30,12,Travel Time (min),15,Wait Time (min),6,30,12,Travel Time (min),10,Wait Time (min),6,30,12,Travel Time (min),20,Wait Time (min),4,30,12,Travel Time (min),15,Wait Time (min),10,30,12,Travel Time (min),25,Wait Time (min),4,30,12,Travel Cost ($),8,0,Travel Cost ($),10,0,Travel Cost ($),8,0,Travel Cost ($),10,0,Travel Cost ($),12,0,Travel Cost ($),8,0,Travel Cost ($),10,0,Travel Cost ($),8,0,Travel Cost ($),8,0,Travel Cost ($),15,0
2023-03-21 16:13:05,2023-03-21 16:14:21,IP Address,23.93.179.190,100,76,True,2023-03-21 16:14:22,R_32Ls1Nj2nbEKkor,,,,,37.8919,-122.2636,anonymous,EN,"Yes, I consent.",Leisure,,Afternoon (12:00-17:59),No,BART,,"Yes, I have read and understood. Take me to the next questions.",1.336,9.43,9.976,3,Bus,1.169,2.112,2.749,2,Ridehail,1.077,10.08,10.625,2,Bus,1.083,1.448,1.96,2,Bus,1.054,1.47,2.382,2,Bus,1.016,1.406,1.859,2,Bus,1.122,1.568,4.094,2,Bus,1.097,1.469,3.864,2,Ridehail,1.242,2.695,3.2,2,Ridehail,1.215,1.901,2.3,2,Bus,Travel Time (min),10,Wait Time (min),10,30,12,Travel Time (min),10,Wait Time (min),10,30,12,Travel Time (min),20,Wait Time (min),4,30,12,Travel Time (min),25,Wait Time (min),10,30,12,Travel Time (min),25,Wait Time (min),6,30,12,Travel Time (min),25,Wait Time (min),8,30,12,Travel Time (min),25,Wait Time (min),6,30,12,Travel Time (min),10,Wait Time (min),10,30,12,Travel Time (min),10,Wait Time (min),10,30,12,Travel Time (min),20,Wait Time (min),6,30,12,Travel Cost ($),15,0,Travel Cost ($),8,0,Travel Cost ($),12,0,Travel Cost ($),12,0,Travel Cost ($),10,0,Travel Cost ($),15,0,Travel Cost ($),15,0,Travel Cost ($),12,0,Travel Cost ($),8,0,Travel Cost ($),15,0
2023-03-21 16:14:32,2023-03-21 16:15:28,IP Address,23.93.179.190,100,55,True,2023-03-21 16:15:28,R_3HBVX28XgPkxnna,,,,,37.8919,-122.2636,anonymous,EN,"Yes, I consent.","Running errands (grocery shopping, etc.)",,Afternoon (12:00-17:59),Yes,Bus,,"Yes, I have read and understood. Take me to the next questions.",1.033,4.71,5.242,2,Bus,0.92,1.832,2.238,2,Bus,0.979,2.401,2.926,2,Ridehail,1.033,1.376,1.743,2,Bus,1.106,3.863,4.69,2,Ridehail,1.154,1.963,2.425,2,Ridehail,1.068,2.08,2.619,2,Bus,1.151,2.05,2.821,2,Ridehail,1.011,1.367,1.827,2,Bus,1.115,1.821,2.101,2,Bus,Travel Time (min),20,Wait Time (min),10,30,12,Travel Time (min),25,Wait Time (min),2,30,12,Travel Time (min),15,Wait Time (min),8,30,12,Travel Time (min),25,Wait Time (min),4,30,12,Travel Time (min),10,Wait Time (min),8,30,12,Travel Time (min),10,Wait Time (min),4,30,12,Travel Time (min),25,Wait Time (min),6,30,12,Travel Time (min),10,Wait Time (min),4,30,12,Travel Time (min),25,Wait Time (min),4,30,12,Travel Time (min),20,Wait Time (min),6,30,12,Travel Cost ($),12,0,Travel Cost ($),15,0,Travel Cost ($),8,0,Travel Cost ($),12,0,Travel Cost ($),15,0,Travel Cost ($),15,0,Travel Cost ($),10,0,Travel Cost ($),10,0,Travel Cost ($),15,0,Travel Cost ($),15,0
2023-03-21 16:15:32,2023-03-21 16:16:26,IP Address,23.93.179.190,100,54,True,2023-03-21 16:16:27,R_25Mc8n3hpDvfZCa,,,,,37.8919,-122.2636,anonymous,EN,"Yes, I consent.",Commute between home and campus,,Morning (06:00-11:59),Yes,BART,,"Yes, I have read and understood. Take me to the next questions.",1,1.879,2.462,2,Ridehail,1.073,2.494,2.85,2,Bus,1.106,2.71,3.175,2,Bus,1.036,1.944,2.373,2,Bus,0.859,1.171,1.627,2,Ridehail,1.155,1.509,1.861,2,Bus,0.846,1.175,1.48,2,Bus,0.93,4.326,4.714,2,Ridehail,1.172,1.572,1.92,2,Bus,1.047,9.46,10.014,2,Ridehail,Travel Time (min),10,Wait Time (min),10,30,12,Travel Time (min),20,Wait Time (min),6,30,12,Travel Time (min),20,Wait Time (min),10,30,12,Travel Time (min),25,Wait Time (min),2,30,12,Travel Time (min),10,Wait Time (min),8,30,12,Travel Time (min),25,Wait Time (min),8,30,12,Travel Time (min),25,Wait Time (min),8,30,12,Travel Time (min),15,Wait Time (min),6,30,12,Travel Time (min),15,Wait Time (min),6,30,12,Travel Time (min),20,Wait Time (min),8,30,12,Travel Cost ($),8,0,Travel Cost ($),12,0,Travel Cost ($),8,0,Travel Cost ($),10,0,Travel Cost ($),10,0,Travel Cost ($),12,0,Travel Cost ($),15,0,Travel Cost ($),10,0,Travel Cost ($),15,0,Travel Cost ($),8,0
2023-03-21 16:16:31,2023-03-21 16:17:23,IP Address,23.93.179.190,100,51,True,2023-03-21 16:17:23,R_bKitMvqFh0Ayl57,,,,,37.8919,-122.2636,anonymous,EN,"Yes, I consent.",Leisure,,Evening (18:00-21:59),No,Ridehail (Uber/Lyft),,"Yes, I have read and understood. Take me to the next questions.",0.953,2.812,3.324,2,Ridehail,0.997,1.778,2.189,2,Ridehail,0.974,1.957,2.343,2,Bus,0.972,1.339,1.809,2,Ridehail,0.964,4.135,4.552,2,Bus,0.883,1.179,1.545,2,Ridehail,1.036,3.626,3.948,2,Bus,0.945,1.564,1.98,2,Bus,1.034,1.327,1.779,2,Ridehail,0.835,1.204,1.762,2,Ridehail,Travel Time (min),10,Wait Time (min),4,30,12,Travel Time (min),15,Wait Time (min),10,30,12,Travel Time (min),25,Wait Time (min),10,30,12,Travel Time (min),10,Wait Time (min),4,30,12,Travel Time (min),25,Wait Time (min),6,30,12,Travel Time (min),15,Wait Time (min),8,30,12,Travel Time (min),25,Wait Time (min),4,30,12,Travel Time (min),25,Wait Time (min),2,30,12,Travel Time (min),10,Wait Time (min),4,30,12,Travel Time (min),10,Wait Time (min),2,30,12,Travel Cost ($),15,0,Travel Cost ($),8,0,Travel Cost ($),15,0,Travel Cost ($),8,0,Travel Cost ($),12,0,Travel Cost ($),8,0,Travel Cost ($),15,0,Travel Cost ($),10,0,Travel Cost ($),10,0,Travel Cost ($),10,0
2023-03-21 17:07:37,2023-03-21 17:10:22,IP Address,165.225.34.76,100,164,True,2023-03-21 17:10:22,R_Acha4n67Tpsrzkl,,,,,35.4312,-97.4934,anonymous,EN,"Yes, I consent.",Leisure,,Evening (18:00-21:59),Yes,BART,,"Yes, I have read and understood. Take me to the next questions.",7.406,7.406,8.509,1,Bus,5.993,5.993,7.265,1,Bus,2.472,2.472,3.328,1,Bus,7.312,7.312,8.141,1,Bus,3.082,3.082,3.847,1,Bus,2.788,2.788,3.84,1,Bus,3.023,3.023,4.997,1,Bus,4.507,4.507,7.627,1,Bus,1.373,1.373,1.892,1,Bus,2.163,2.163,2.63,1,Bus,Travel Time (min),25,Wait Time (min),8,30,12,Travel Time (min),10,Wait Time (min),4,30,12,Travel Time (min),20,Wait Time (min),10,30,12,Travel Time (min),15,Wait Time (min),2,30,12,Travel Time (min),20,Wait Time (min),10,30,12,Travel Time (min),10,Wait Time (min),2,30,12,Travel Time (min),25,Wait Time (min),10,30,12,Travel Time (min),25,Wait Time (min),6,30,12,Travel Time (min),10,Wait Time (min),10,30,12,Travel Time (min),10,Wait Time (min),8,30,12,Travel Cost ($),8,0,Travel Cost ($),12,0,Travel Cost ($),10,0,Travel Cost ($),10,0,Travel Cost ($),15,0,Travel Cost ($),12,0,Travel Cost ($),15,0,Travel Cost ($),8,0,Travel Cost ($),12,0,Travel Cost ($),15,0
2023-03-21 20:15:02,2023-03-21 20:16:02,IP Address,136.152.143.230,100,59,True,2023-03-21 20:16:02,R_3e34fiJrANwP6YX,,,,,37.8736,-122.257,anonymous,EN,"Yes, I consent.",Leisure,,Evening (18:00-21:59),No,BART,,"Yes, I have read and understood. Take me to the next questions.",3.7,3.7,4.376,1,Ridehail,1.968,1.968,2.572,1,Ridehail,1.758,1.758,2.407,1,Ridehail,4.869,4.869,5.968,1,Ridehail,2.995,2.995,3.666,1,Ridehail,1.877,1.877,2.66,1,Ridehail,2.092,2.092,2.89,1,Ridehail,2.624,2.624,3.203,1,Bus,2.53,2.53,3.349,1,Ridehail,1.499,1.499,2.285,1,Ridehail,Travel Time (min),10,Wait Time (min),8,30,12,Travel Time (min),20,Wait Time (min),6,30,12,Travel Time (min),20,Wait Time (min),2,30,12,Travel Time (min),20,Wait Time (min),8,30,12,Travel Time (min),10,Wait Time (min),2,30,12,Travel Time (min),10,Wait Time (min),2,30,12,Travel Time (min),15,Wait Time (min),6,30,12,Travel Time (min),15,Wait Time (min),10,30,12,Travel Time (min),25,Wait Time (min),8,30,12,Travel Time (min),15,Wait Time (min),8,30,12,Travel Cost ($),15,0,Travel Cost ($),12,0,Travel Cost ($),12,0,Travel Cost ($),12,0,Travel Cost ($),8,0,Travel Cost ($),12,0,Travel Cost ($),8,0,Travel Cost ($),15,0,Travel Cost ($),12,0,Travel Cost ($),10,0
2023-03-21 20:22:22,2023-03-21 20:23:21,IP Address,136.152.143.230,100,59,True,2023-03-21 20:23:22,R_RQdI9FFliw840FP,,,,,37.8736,-122.257,anonymous,EN,"Yes, I consent.",Leisure,,Evening (18:00-21:59),No,Walk,,"Yes, I have read and understood. Take me to the next questions.",4.949,4.949,8.971,1,Ridehail,1.54,1.54,3.272,1,Ridehail,0.754,0.754,1.839,1,Ridehail,1.476,1.476,2.169,1,Ridehail,1.93,1.93,3.384,1,Bus,1.248,1.248,8.852,1,Ridehail,1.424,1.424,2.563,1,Ridehail,1.211,1.211,2.495,1,Ridehail,2.29,2.29,3.5,1,Ridehail,1.588,1.588,2.343,1,Ridehail,Travel Time (min),20,Wait Time (min),8,30,12,Travel Time (min),20,Wait Time (min),6,30,12,Travel Time (min),15,Wait Time (min),8,30,12,Travel Time (min),20,Wait Time (min),8,30,12,Travel Time (min),25,Wait Time (min),4,30,12,Travel Time (min),15,Wait Time (min),8,30,12,Travel Time (min),20,Wait Time (min),4,30,12,Travel Time (min),25,Wait Time (min),2,30,12,Travel Time (min),15,Wait Time (min),4,30,12,Travel Time (min),15,Wait Time (min),6,30,12,Travel Cost ($),12,0,Travel Cost ($),12,0,Travel Cost ($),10,0,Travel Cost ($),10,0,Travel Cost ($),15,0,Travel Cost ($),10,0,Travel Cost ($),10,0,Travel Cost ($),10,0,Travel Cost ($),10,0,Travel Cost ($),12,0
2023-03-21 20:23:44,2023-03-21 20:24:43,IP Address,136.152.143.230,100,58,True,2023-03-21 20:24:43,R_A5xKQs054A38c5H,,,,,37.8736,-122.257,anonymous,EN,"Yes, I consent.","Running errands (grocery shopping, etc.)",,Morning (06:00-11:59),Yes,Bus,,"Yes, I have read and understood. Take me to the next questions.",4.386,10.573,11.362,2,Bus,3.558,3.558,4.247,1,Ridehail,1.866,1.866,2.582,1,Ridehail,2.469,2.469,3.136,1,Ridehail,1.276,1.276,3.218,1,Ridehail,1.239,1.239,2.215,1,Ridehail,1.781,1.781,3.047,1,Ridehail,1.606,1.606,2.993,1,Bus,2.163,2.163,2.771,1,Ridehail,1.368,1.368,2.013,1,Bus,Travel Time (min),10,Wait Time (min),10,30,12,Travel Time (min),15,Wait Time (min),2,30,12,Travel Time (min),10,Wait Time (min),4,30,12,Travel Time (min),20,Wait Time (min),8,30,12,Travel Time (min),25,Wait Time (min),6,30,12,Travel Time (min),25,Wait Time (min),4,30,12,Travel Time (min),10,Wait Time (min),4,30,12,Travel Time (min),10,Wait Time (min),10,30,12,Travel Time (min),15,Wait Time (min),6,30,12,Travel Time (min),20,Wait Time (min),10,30,12,Travel Cost ($),15,0,Travel Cost ($),15,0,Travel Cost ($),10,0,Travel Cost ($),12,0,Travel Cost ($),10,0,Travel Cost ($),8,0,Travel Cost ($),15,0,Travel Cost ($),8,0,Travel Cost ($),8,0,Travel Cost ($),10,0
2023-03-21 21:30:20,2023-03-21 21:31:02,IP Address,136.152.143.230,100,42,True,2023-03-21 21:31:03,R_2atvinUSoPeRxtU,,,,,37.8736,-122.257,anonymous,EN,"Yes, I consent.",Leisure,,Evening (18:00-21:59),No,Bus,,"Yes, I have read and understood. Take me to the next questions.",1.393,3.267,4.152,2,Bus,0.506,0.506,1.249,1,Bus,0.313,0.313,1.497,1,Bus,0.734,0.734,1.651,1,Bus,0.346,0.778,1.684,2,Bus,0.615,0.615,1.592,1,Bus,4.264,4.264,5.401,1,Ridehail,0.88,0.88,1.584,1,Bus,0.596,1.37,1.72,2,Bus,0.892,0.892,1.628,1,Bus,Travel Time (min),20,Wait Time (min),6,30,12,Travel Time (min),25,Wait Time (min),4,30,12,Travel Time (min),25,Wait Time (min),4,30,12,Travel Time (min),25,Wait Time (min),2,30,12,Travel Time (min),25,Wait Time (min),8,30,12,Travel Time (min),15,Wait Time (min),8,30,12,Travel Time (min),10,Wait Time (min),2,30,12,Travel Time (min),20,Wait Time (min),2,30,12,Travel Time (min),25,Wait Time (min),6,30,12,Travel Time (min),20,Wait Time (min),4,30,12,Travel Cost ($),15,0,Travel Cost ($),12,0,Travel Cost ($),8,0,Travel Cost ($),12,0,Travel Cost ($),10,0,Travel Cost ($),12,0,Travel Cost ($),10,0,Travel Cost ($),15,0,Travel Cost ($),12,0,Travel Cost ($),12,0
2023-03-21 21:41:41,2023-03-21 21:42:13,IP Address,136.152.143.149,100,31,True,2023-03-21 21:42:13,R_2961auPPU6waPMx,,,,,37.8657,-122.2571,anonymous,EN,"Yes, I consent.",Commute between home and campus,,Morning (06:00-11:59),Yes,Bike,,"Yes, I have read and understood. Take me to the next questions.",1.132,1.132,1.634,1,Bus,0.633,0.633,1.136,1,Bus,0.418,0.418,0.921,1,Bus,0.413,0.413,0.916,1,Bus,0.462,0.462,0.98,1,Bus,0.381,0.381,0.918,1,Bus,0.414,0.847,0.865,2,Bus,0.415,1.43,1.446,2,Bus,1.002,1.002,1.902,1,Bus,1.36,1.36,1.962,1,Bus,Travel Time (min),15,Wait Time (min),6,30,12,Travel Time (min),20,Wait Time (min),8,30,12,Travel Time (min),25,Wait Time (min),2,30,12,Travel Time (min),15,Wait Time (min),4,30,12,Travel Time (min),15,Wait Time (min),8,30,12,Travel Time (min),20,Wait Time (min),10,30,12,Travel Time (min),20,Wait Time (min),8,30,12,Travel Time (min),25,Wait Time (min),4,30,12,Travel Time (min),20,Wait Time (min),10,30,12,Travel Time (min),10,Wait Time (min),8,30,12,Travel Cost ($),15,0,Travel Cost ($),10,0,Travel Cost ($),8,0,Travel Cost ($),8,0,Travel Cost ($),10,0,Travel Cost ($),10,0,Travel Cost ($),12,0,Travel Cost ($),8,0,Travel Cost ($),15,0,Travel Cost ($),12,0
2023-03-22 05:59:23,2023-03-22 06:00:47,IP Address,172.58.243.254,100,84,True,2023-03-22 06:00:48,R_2sbchbK8MUQyZHJ,,,,,38.957,-76.9144,anonymous,EN,"Yes, I consent.","Running errands (grocery shopping, etc.)",,Afternoon (12:00-17:59),Yes,Walk,,"Yes, I have read and understood. Take me to the next questions.",9.381,9.381,10.086,1,Bus,4.573,4.573,5.11,1,Bus,6.062,6.062,6.532,1,Bus,3.956,3.956,4.559,1,Bus,2.755,2.755,4.243,1,Bus,2.435,2.435,3.005,1,Bus,2.293,2.293,2.965,1,Bus,2.601,2.601,3.188,1,Bus,1.706,1.706,2.677,1,Bus,1.21,1.21,1.877,1,Bus,Travel Time (min),15,Wait Time (min),10,30,12,Travel Time (min),10,Wait Time (min),6,30,12,Travel Time (min),20,Wait Time (min),2,30,12,Travel Time (min),25,Wait Time (min),8,30,12,Travel Time (min),10,Wait Time (min),2,30,12,Travel Time (min),10,Wait Time (min),4,30,12,Travel Time (min),10,Wait Time (min),8,30,12,Travel Time (min),20,Wait Time (min),2,30,12,Travel Time (min),15,Wait Time (min),10,30,12,Travel Time (min),20,Wait Time (min),4,30,12,Travel Cost ($),8,0,Travel Cost ($),12,0,Travel Cost ($),10,0,Travel Cost ($),8,0,Travel Cost ($),8,0,Travel Cost ($),12,0,Travel Cost ($),8,0,Travel Cost ($),12,0,Travel Cost ($),12,0,Travel Cost ($),10,0
2023-03-22 06:00:54,2023-03-22 06:02:26,IP Address,172.58.243.254,100,91,True,2023-03-22 06:02:26,R_zZJoOhZv8swZbC9,,,,,38.957,-76.9144,anonymous,EN,"Yes, I consent.",Commute between home and campus,,Morning (06:00-11:59),Yes,BART,,"Yes, I have read and understood. Take me to the next questions.",4.322,4.322,7.846,1,Ridehail,8.012,8.012,8.517,1,Ridehail,2.537,2.537,3.158,1,Bus,3.12,3.12,3.681,1,Bus,1.468,1.468,5.008,1,Ridehail,8.578,8.578,11.416,1,Ridehail,2.417,2.417,3.037,1,Bus,7.077,7.077,8.767,1,Bus,4.385,4.918,5.507,2,Bus,5.486,5.486,6.022,1,Ridehail,Travel Time (min),15,Wait Time (min),4,30,12,Travel Time (min),10,Wait Time (min),2,30,12,Travel Time (min),25,Wait Time (min),8,30,12,Travel Time (min),20,Wait Time (min),10,30,12,Travel Time (min),15,Wait Time (min),10,30,12,Travel Time (min),20,Wait Time (min),8,30,12,Travel Time (min),15,Wait Time (min),4,30,12,Travel Time (min),10,Wait Time (min),2,30,12,Travel Time (min),25,Wait Time (min),4,30,12,Travel Time (min),15,Wait Time (min),8,30,12,Travel Cost ($),8,0,Travel Cost ($),10,0,Travel Cost ($),15,0,Travel Cost ($),12,0,Travel Cost ($),8,0,Travel Cost ($),8,0,Travel Cost ($),15,0,Travel Cost ($),12,0,Travel Cost ($),10,0,Travel Cost ($),8,0
2023-03-22 06:02:33,2023-03-22 06:04:29,IP Address,172.58.243.254,100,115,True,2023-03-22 06:04:29,R_2VeYmJ8egwNgwiC,,,,,38.957,-76.9144,anonymous,EN,"Yes, I consent.",Leisure,,Morning (06:00-11:59),Yes,Bus,,"Yes, I have read and understood. Take me to the next questions.",13.132,13.132,13.652,1,Ridehail,5.652,5.652,6.126,1,Bus,10.605,10.605,11.056,1,Bus,9.971,9.971,10.357,1,Bus,4.415,4.415,5.351,1,Bus,3.903,3.903,4.354,1,Bus,3.587,3.587,4.057,1,Ridehail,5.37,5.37,7.683,1,Ridehail,2.889,2.889,3.51,1,Ridehail,11.267,11.267,11.838,1,Ridehail,Travel Time (min),10,Wait Time (min),4,30,12,Travel Time (min),20,Wait Time (min),6,30,12,Travel Time (min),25,Wait Time (min),4,30,12,Travel Time (min),25,Wait Time (min),4,30,12,Travel Time (min),20,Wait Time (min),6,30,12,Travel Time (min),25,Wait Time (min),2,30,12,Travel Time (min),10,Wait Time (min),2,30,12,Travel Time (min),15,Wait Time (min),10,30,12,Travel Time (min),15,Wait Time (min),4,30,12,Travel Time (min),20,Wait Time (min),6,30,12,Travel Cost ($),12,0,Travel Cost ($),8,0,Travel Cost ($),8,0,Travel Cost ($),10,0,Travel Cost ($),8,0,Travel Cost ($),12,0,Travel Cost ($),12,0,Travel Cost ($),12,0,Travel Cost ($),10,0,Travel Cost ($),10,0
2023-03-22 14:08:43,2023-03-22 14:11:14,IP Address,136.152.143.59,100,150,True,2023-03-22 14:11:15,R_2fBU1DirRTuiWem,,,,,37.8736,-122.257,anonymous,EN,"Yes, I consent.","Running errands (grocery shopping, etc.)",,Afternoon (12:00-17:59),Yes,Bus,,"Yes, I have read and understood. Take me to the next questions.",9.395,9.395,11.723,1,Bus,2.611,2.611,4.029,1,Bus,5.615,9.232,10.157,3,Bus,2.863,2.863,3.73,1,Bus,3.041,3.041,4.375,1,Bus,9.242,9.242,10.627,1,Ridehail,1.308,1.308,2.459,1,Bus,1.216,1.216,3.751,1,Bus,1.265,1.265,2.3,1,Bus,5.668,5.668,6.534,1,Bus,Travel Time (min),25,Wait Time (min),10,30,12,Travel Time (min),25,Wait Time (min),6,30,12,Travel Time (min),25,Wait Time (min),2,30,12,Travel Time (min),25,Wait Time (min),6,30,12,Travel Time (min),25,Wait Time (min),4,30,12,Travel Time (min),15,Wait Time (min),2,30,12,Travel Time (min),20,Wait Time (min),2,30,12,Travel Time (min),25,Wait Time (min),2,30,12,Travel Time (min),25,Wait Time (min),4,30,12,Travel Time (min),15,Wait Time (min),10,30,12,Travel Cost ($),8,0,Travel Cost ($),8,0,Travel Cost ($),15,0,Travel Cost ($),10,0,Travel Cost ($),15,0,Travel Cost ($),12,0,Travel Cost ($),15,0,Travel Cost ($),8,0,Travel Cost ($),12,0,Travel Cost ($),15,0
2023-03-23 11:04:49,2023-03-23 11:17:12,IP Address,136.152.143.114,100,742,True,2023-03-23 11:17:12,R_CmK08X6eD0JbhFn,,,,,37.8736,-122.257,anonymous,EN,"Yes, I consent.","Running errands (grocery shopping, etc.)",,Evening (18:00-21:59),No,Private vehicle (either driver or passenger),,"Yes, I have read and understood. Take me to the next questions.",1.648,13.62,15.5,6,Bus,2.324,2.324,3.633,1,Bus,1.96,1.96,3.157,1,Bus,1.39,1.39,2.297,1,Bus,0.614,0.614,1.725,1,Bus,0.728,0.728,1.767,1,Bus,1.721,1.721,3.004,1,Bus,2.226,2.226,2.938,1,Bus,1.922,1.922,3.331,1,Bus,206.61,210.379,211.515,2,Bus,Travel Time (min),15,Wait Time (min),2,30,12,Travel Time (min),25,Wait Time (min),10,30,12,Travel Time (min),10,Wait Time (min),6,30,12,Travel Time (min),10,Wait Time (min),10,30,12,Travel Time (min),10,Wait Time (min),2,30,12,Travel Time (min),25,Wait Time (min),10,30,12,Travel Time (min),25,Wait Time (min),10,30,12,Travel Time (min),10,Wait Time (min),6,30,12,Travel Time (min),25,Wait Time (min),10,30,12,Travel Time (min),25,Wait Time (min),10,30,12,Travel Cost ($),8,0,Travel Cost ($),12,0,Travel Cost ($),10,0,Travel Cost ($),8,0,Travel Cost ($),12,0,Travel Cost ($),15,0,Travel Cost ($),10,0,Travel Cost ($),12,0,Travel Cost ($),12,0,Travel Cost ($),15,0
